Workbook
Name Low: #REF!
Name Low: CtrlSummary!#REF!
Name Low: #REF!
Name Low: #REF!

Sheet Version Control
B3: Security Requirements Traceability Matrix (SRTM) Workbook
B4: Description
B5: Assessment SRTM Workbook for CMMC Level 2 C3PAO/Self Assessments
B9: Template Version Control
B10: Date | C10: Person entering change | D10: Version # | E10: Comment
B11: 45421 | C11: Thang Pham | D11: 1.0 | E11: Created from NIST SP 800-171R2 & 800-171A
B12: 45421 | C12: Thang Pham | D12: 2.0 | E12: Updated based on Final Rule and Assessment Guides
B15: Template Owner
B16: Name: | C16: Thang Pham
B17: Org: | C17: Assurit
B18: Title: | C18: Vice President
B19: Phone: | C19: 703-403-4939
B20: E-mail: | C20: Thang.Pham@assurit.onmicrosoft.us
B26: Internal
B27: External
B28: Stand-alone

Sheet System
B2: System Name | C2: Assurit Protected Information System (APIS) | F2: PRACTICE DETAILS
B3: Organization | C3: Assurit | F3: IDENTIFICATION & ACCESS MANAGEMENT | J3: CYBERSECURITY OVERSIGHT & MANAGEMENT | N3: CONFIGURATION MANAGEMENT | R3: NETWORK DEFENSE
B4: Categorization Level | C4: CMMC-L2 (Moderate)
G5: Access Control Summary | K5: Awareness & Training Summary | O5: Configuration Management Summary | S5: Incident Response Summary
B6: IMPLEMENTATION STATUS | G6: Result | H6: Count | K6: Result | L6: Count | O6: Result | P6: Count | S6: Result | T6: Count
B7: Total Practices | C7: =COUNTA(CtrlSummary!B2:B9764) -> 110 | G7: MET | H7: =COUNTIFS(CtrlSummary!A:A,"AC",CtrlSummary!F:F,"MET") -> 22 | K7: MET | L7: =COUNTIFS(CtrlSummary!A:A,"AT",CtrlSummary!F:F,"MET") -> 3 | O7: MET | P7: =COUNTIFS(CtrlSummary!A:A,"CM",CtrlSummary!F:F,"MET") -> 9 | S7: MET | T7: =COUNTIFS(CtrlSummary!A:A,"IR",CtrlSummary!F:F,"MET") -> 3
B8: Status | C8: Count | D8: % of Total Controls | G8: NOT MET | H8: =COUNTIFS(CtrlSummary!A:A,"AC",CtrlSummary!F:F,"NOT MET") -> 0 | K8: NOT MET | L8: =COUNTIFS(CtrlSummary!A:A,"AT",CtrlSummary!F:F,"NOT MET") -> 0 | O8: NOT MET | P8: =COUNTIFS(CtrlSummary!A:A,"CM",CtrlSummary!F:F,"NOT MET") -> 0 | S8: NOT MET | T8: =COUNTIFS(CtrlSummary!A:A,"IR",CtrlSummary!F:F,"NOT MET") -> 0
B9: Implemented | C9: =COUNTIFS(CtrlSummary!E:E,B9) -> 86 | D9: =C9/$C$7 -> 0.78181818
B10: Partially Implemented | C10: =COUNTIFS(CtrlSummary!E:E,B10) -> 0 | D10: =C10/$C$7 -> 0 | G10: Audit & Accountability Summary | K10: Personnel Security Summary | O10: Maintenance Summary | S10: System & Communications Protection Summary
B11: Planned | C11: =COUNTIFS(CtrlSummary!E:E,B11) -> 0 | D11: =C11/$C$7 -> 0 | G11: Result | H11: Count | K11: Result | L11: Count | O11: Result | P11: Count | S11: Result | T11: Count
B12: Inherited | C12: =COUNTIFS(CtrlSummary!E:E,B12) -> 23 | D12: =C12/$C$7 -> 0.20909091 | G12: MET | H12: =COUNTIFS(CtrlSummary!A:A,"AU",CtrlSummary!F:F,"MET") -> 9 | K12: MET | L12: =COUNTIFS(CtrlSummary!A:A,"PS",CtrlSummary!F:F,"MET") -> 2 | O12: MET | P12: =COUNTIFS(CtrlSummary!A:A,"MA",CtrlSummary!F:F,"MET") -> 6 | S12: MET | T12: =COUNTIFS(CtrlSummary!A:A,"SC",CtrlSummary!F:F,"MET") -> 16
B13: Not Selected | C13: =COUNTIFS(CtrlSummary!E:E,B13) -> 1 | D13: =C13/$C$7 -> 0.0090909091 | G13: NOT MET | H13: =COUNTIFS(CtrlSummary!A:A,"AU",CtrlSummary!F:F,"NOT MET") -> 0 | K13: NOT MET | L13: =COUNTIFS(CtrlSummary!A:A,"PS",CtrlSummary!F:F,"NOT MET") -> 0 | O13: NOT MET | P13: =COUNTIFS(CtrlSummary!A:A,"MA",CtrlSummary!F:F,"NOT MET") -> 0 | S13: NOT MET | T13: =COUNTIFS(CtrlSummary!A:A,"SC",CtrlSummary!F:F,"NOT MET") -> 0
B14: Total | C14: =SUM(C9:C13) -> 110 | D14: =C14/$C$7 -> 1
G15: Identification & Authentication Summary | K15: Physical Protection Summary | O15: Media Protection Summary | S15: System & Information Integrity Summary
B16: ASSESSMENT RESULTS (CURRENT) | G16: Result | H16: Count | K16: Result | L16: Count | O16: Result | P16: Count | S16: Result | T16: Count
B17: Result | C17: Count | D17: % of Total Controls | G17: MET | H17: =COUNTIFS(CtrlSummary!A:A,"IA",CtrlSummary!F:F,"MET") -> 11 | K17: MET | L17: =COUNTIFS(CtrlSummary!A:A,"PE",CtrlSummary!F:F,"MET") -> 6 | O17: MET | P17: =COUNTIFS(CtrlSummary!A:A,"MP",CtrlSummary!F:F,"MET") -> 9 | S17: MET | T17: =COUNTIFS(CtrlSummary!A:A,"SI",CtrlSummary!F:F,"MET") -> 7
B18: MET | C18: =COUNTIFS(CtrlSummary!F:F,B18) -> 110 | D18: =C18/($C$7-$C$21) -> 1 | G18: NOT MET | H18: =COUNTIFS(CtrlSummary!A:A,"IA",CtrlSummary!F:F,"NOT MET") -> 0 | K18: NOT MET | L18: =COUNTIFS(CtrlSummary!A:A,"PE",CtrlSummary!F:F,"NOT MET") -> 0 | O18: NOT MET | P18: =COUNTIFS(CtrlSummary!A:A,"MP",CtrlSummary!F:F,"NOT MET") -> 0 | S18: NOT MET | T18: =COUNTIFS(CtrlSummary!A:A,"SI",CtrlSummary!F:F,"NOT MET") -> 0
B19: NOT MET | C19: =COUNTIFS(CtrlSummary!F:F,B19) -> 0 | D19: =C19/($C$7-$C$21) -> 0
B20: Total | C20: =SUM(C16:C19) -> 110 | D20: =C20/$C$7 -> 1 | K20: Security Assessment Summary
K21: Result | L21: Count
B22: CMMC Practice Scoring | K22: MET | L22: =COUNTIFS(CtrlSummary!A:A,"CA",CtrlSummary!F:F,"MET") -> 4
B23: Total Practice Score | C23: =SUM(CtrlSummary!G:G) -> 110 | K23: NOT MET | L23: =COUNTIFS(CtrlSummary!A:A,"CA",CtrlSummary!F:F,"NOT MET") -> 0
B24: Total Allowable Points | C24: 110
B25: Percentage | C25: =(C23/C24) -> 1 | K25: Risk Assessment Summary
K26: Result | L26: Count
K27: MET | L27: =COUNTIFS(CtrlSummary!A:A,"RA",CtrlSummary!F:F,"MET") -> 3
K28: NOT MET | L28: =COUNTIFS(CtrlSummary!A:A,"RA",CtrlSummary!F:F,"NOT MET") -> 0

Sheet CtrlSummary
A1: Domain | B1: CMMC ID | C1: CMMC Level | D1: Practice Name | E1: Implementation Status | F1: Assessment Result | G1: Practice Scoring (+) | H1: Deductible Points (-)
D2: Access Control (AC)
A3: AC | B3: AC.L1-3.1.1 | C3: 1 | D3: Authorized Access Control | E3: =IF(COUNTIF(AC!I2:I7,"Not Selected")>0,"Not Selected", IF(COUNTIF(AC!I2:I7,"Planned")>0,"Planned", IF(COUNTIF(AC!I2:I7,"Inherited")>0,"Inherited", IF(COUNTIF(AC!I2:I7,"Partially Implemented")>0,"Partially Implemented", IF(COUNTIF(AC!I2:I7,"Implemented")>0,"Implemented", ""))))) -> Implemented | F3: =IF(COUNTIF(AC!J2:J7,"Not Applicable")>0,"Not Applicable", IF(COUNTIF(AC!J2:J7,"NOT MET")>0,"NOT MET", IF(COUNTIF(AC!J2:J7,"MET")>0,"MET", ""))) -> MET | G3: 1 | H3: 5
A4: AC | B4: AC.L1-3.1.2 | C4: 1 | D4: Transaction & Function Control | E4: =IF(COUNTIF(AC!I8:I9,"Not Selected")>0,"Not Selected", IF(COUNTIF(AC!I8:I9,"Planned")>0,"Planned", IF(COUNTIF(AC!I8:I9,"Inherited")>0,"Inherited", IF(COUNTIF(AC!I8:I9,"Partially Implemented")>0,"Partially Implemented", IF(COUNTIF(AC!I8:I9,"Implemented")>0,"Implemented", ""))))) -> Implemented | F4: =IF(COUNTIF(AC!J8:J9,"Not Applicable")>0,"Not Applicable", IF(COUNTIF(AC!J8:J9,"NOT MET")>0,"NOT MET", IF(COUNTIF(AC!J8:J9,"MET")>0,"MET", ""))) -> MET | G4: 1 | H4: 5
A5: AC | B5: AC.L2-3.1.3 | C5: 2 | D5: Control CUI Flow | E5: =IF(COUNTIF(AC!I10:I14,"Not Selected")>0,"Not Selected", IF(COUNTIF(AC!I10:I14,"Planned")>0,"Planned", IF(COUNTIF(AC!I10:I14,"Inherited")>0,"Inherited", IF(COUNTIF(AC!I10:I14,"Partially Implemented")>0,"Partially Implemented", IF(COUNTIF(AC!I10:I14,"Implemented")>0,"Implemented", ""))))) -> Implemented | F5: =IF(COUNTIF(AC!J10:J14,"Not Applicable")>0,"Not Applicable", IF(COUNTIF(AC!J10:J14,"NOT MET")>0,"NOT MET", IF(COUNTIF(AC!J10:J14,"MET")>0,"MET", ""))) -> MET | G5: 1 | H5: 1
A6: AC | B6: AC.L2-3.1.4 | C6: 2 | D6: Separation of Duties | E6: =IF(COUNTIF(AC!I15:I17,"Not Selected")>0,"Not Selected", IF(COUNTIF(AC!I15:I17,"Planned")>0,"Planned", IF(COUNTIF(AC!I15:I17,"Inherited")>0,"Inherited", IF(COUNTIF(AC!I15:I17,"Partially Implemented")>0,"Partially Implemented", IF(COUNTIF(AC!I15:I17,"Implemented")>0,"Implemented", ""))))) -> Implemented | F6: =IF(COUNTIF(AC!J15:J17,"Not Applicable")>0,"Not Applicable", IF(COUNTIF(AC!J15:J17,"NOT MET")>0,"NOT MET", IF(COUNTIF(AC!J15:J17,"MET")>0,"MET", ""))) -> MET | G6: 1 | H6: 1
A7: AC | B7: AC.L2-3.1.5 | C7: 2 | D7: Least Privilege | E7: =IF(COUNTIF(AC!I18:I21,"Not Selected")>0,"Not Selected", IF(COUNTIF(AC!I18:I21,"Planned")>0,"Planned", IF(COUNTIF(AC!I18:I21,"Inherited")>0,"Inherited", IF(COUNTIF(AC!I18:I21,"Partially Implemented")>0,"Partially Implemented", IF(COUNTIF(AC!I18:I21,"Implemented")>0,"Implemented", ""))))) -> Implemented | F7: =IF(COUNTIF(AC!J18:J21,"Not Applicable")>0,"Not Applicable", IF(COUNTIF(AC!J18:J21,"NOT MET")>0,"NOT MET", IF(COUNTIF(AC!J18:J21,"MET")>0,"MET", ""))) -> MET | G7: 1 | H7: 3
A8: AC | B8: AC.L2-3.1.6 | C8: 2 | D8: Non-Privileged Account Use | E8: =IF(COUNTIF(AC!I22:I23,"Not Selected")>0,"Not Selected", IF(COUNTIF(AC!I22:I23,"Planned")>0,"Planned", IF(COUNTIF(AC!I22:I23,"Inherited")>0,"Inherited", IF(COUNTIF(AC!I22:I23,"Partially Implemented")>0,"Partially Implemented", IF(COUNTIF(AC!I22:I23,"Implemented")>0,"Implemented", ""))))) -> Implemented | F8: =IF(COUNTIF(AC!J22:J23,"Not Applicable")>0,"Not Applicable", IF(COUNTIF(AC!J22:J23,"NOT MET")>0,"NOT MET", IF(COUNTIF(AC!J22:J23,"MET")>0,"MET", ""))) -> MET | G8: 1 | H8: 1
A9: AC | B9: AC.L2-3.1.7 | C9: 2 | D9: Privileged Functions | E9: =IF(COUNTIF(AC!I24:I27,"Not Selected")>0,"Not Selected", IF(COUNTIF(AC!I24:I27,"Planned")>0,"Planned", IF(COUNTIF(AC!I24:I27,"Inherited")>0,"Inherited", IF(COUNTIF(AC!I24:I27,"Partially Implemented")>0,"Partially Implemented", IF(COUNTIF(AC!I24:I27,"Implemented")>0,"Implemented", ""))))) -> Implemented | F9: =IF(COUNTIF(AC!J24:J27,"Not Applicable")>0,"Not Applicable", IF(COUNTIF(AC!J24:J27,"NOT MET")>0,"NOT MET", IF(COUNTIF(AC!J24:J27,"MET")>0,"MET", ""))) -> MET | G9: 1 | H9: 1
A10: AC | B10: AC.L2-3.1.8 | C10: 2 | D10: Unsuccessful Logon Attempts | E10: =IF(COUNTIF(AC!I28:I29,"Not Selected")>0,"Not Selected", IF(COUNTIF(AC!I28:I29,"Planned")>0,"Planned", IF(COUNTIF(AC!I28:I29,"Inherited")>0,"Inherited", IF(COUNTIF(AC!I28:I29,"Partially Implemented")>0,"Partially Implemented", IF(COUNTIF(AC!I28:I29,"Implemented")>0,"Implemented", ""))))) -> Implemented | F10: =IF(COUNTIF(AC!J28:J29,"Not Applicable")>0,"Not Applicable", IF(COUNTIF(AC!J28:J29,"NOT MET")>0,"NOT MET", IF(COUNTIF(AC!J28:J29,"MET")>0,"MET", ""))) -> MET | G10: 1 | H10: 1
A11: AC | B11: AC.L2-3.1.9 | C11: 2 | D11: Privacy & Security Notices | E11: =IF(COUNTIF(AC!I31,"Not Selected")>0,"Not Selected", IF(COUNTIF(AC!I31,"Planned")>0,"Planned", IF(COUNTIF(AC!I31,"Inherited")>0,"Inherited", IF(COUNTIF(AC!I31,"Partially Implemented")>0,"Partially Implemented", IF(COUNTIF(AC!I31,"Implemented")>0,"Implemented", ""))))) -> Implemented | F11: =IF(COUNTIF(AC!J31,"Not Applicable")>0,"Not Applicable", IF(COUNTIF(AC!J31,"NOT MET")>0,"NOT MET", IF(COUNTIF(AC!J31,"MET")>0,"MET", ""))) -> MET | G11: 1 | H11: 1
A12: AC | B12: AC.L2-3.1.10 | C12: 2 | D12: Session Lock | E12: =IF(COUNTIF(AC!I32:I34,"Not Selected")>0,"Not Selected", IF(COUNTIF(AC!I32:I34,"Planned")>0,"Planned", IF(COUNTIF(AC!I32:I34,"Inherited")>0,"Inherited", IF(COUNTIF(AC!I32:I34,"Partially Implemented")>0,"Partially Implemented", IF(COUNTIF(AC!I32:I34,"Implemented")>0,"Implemented", ""))))) -> Implemented | F12: =IF(COUNTIF(AC!J32:J34,"Not Applicable")>0,"Not Applicable", IF(COUNTIF(AC!J32:J34,"NOT MET")>0,"NOT MET", IF(COUNTIF(AC!J32:J34,"MET")>0,"MET", ""))) -> MET | G12: 1 | H12: 1
A13: AC | B13: AC.L2-3.1.11 | C13: 2 | D13: Session Termination | E13: =IF(COUNTIF(AC!I35:I36,"Not Selected")>0,"Not Selected", IF(COUNTIF(AC!I35:I36,"Planned")>0,"Planned", IF(COUNTIF(AC!I35:I36,"Inherited")>0,"Inherited", IF(COUNTIF(AC!I35:I36,"Partially Implemented")>0,"Partially Implemented", IF(COUNTIF(AC!I35:I36,"Implemented")>0,"Implemented", ""))))) -> Implemented | F13: =IF(COUNTIF(AC!J35:J36,"Not Applicable")>0,"Not Applicable", IF(COUNTIF(AC!J35:J36,"NOT MET")>0,"NOT MET", IF(COUNTIF(AC!J35:J36,"MET")>0,"MET", ""))) -> MET | G13: 1 | H13: 1
A14: AC | B14: AC.L2-3.1.12 | C14: 2 | D14: Control Remote Access | E14: =IF(COUNTIF(AC!I40,"Not Selected")>0,"Not Selected", IF(COUNTIF(AC!I40,"Planned")>0,"Planned", IF(COUNTIF(AC!I40,"Inherited")>0,"Inherited", IF(COUNTIF(AC!I40,"Partially Implemented")>0,"Partially Implemented", IF(COUNTIF(AC!I40,"Implemented")>0,"Implemented", ""))))) -> Implemented | F14: =IF(COUNTIF(AC!J40,"Not Applicable")>0,"Not Applicable", IF(COUNTIF(AC!J40,"NOT MET")>0,"NOT MET", IF(COUNTIF(AC!J40,"MET")>0,"MET", ""))) -> MET | G14: 1 | H14: 5
A15: AC | B15: AC.L2-3.1.13 | C15: 2 | D15: Remote Access Confidentiality | E15: =IF(COUNTIF(AC!I41:I42,"Not Selected")>0,"Not Selected", IF(COUNTIF(AC!I41:I42,"Planned")>0,"Planned", IF(COUNTIF(AC!I41:I42,"Inherited")>0,"Inherited", IF(COUNTIF(AC!I41:I42,"Partially Implemented")>0,"Partially Implemented", IF(COUNTIF(AC!I41:I42,"Implemented")>0,"Implemented", ""))))) -> Implemented | F15: =IF(COUNTIF(AC!J41:J42,"Not Applicable")>0,"Not Applicable", IF(COUNTIF(AC!J41:J42,"NOT MET")>0,"NOT MET", IF(COUNTIF(AC!J41:J42,"MET")>0,"MET", ""))) -> MET | G15: 1 | H15: 5
A16: AC | B16: AC.L2-3.1.14 | C16: 2 | D16: Remote Access Routing | E16: =IF(COUNTIF(AC!I43:I44,"Not Selected")>0,"Not Selected", IF(COUNTIF(AC!I43:I44,"Planned")>0,"Planned", IF(COUNTIF(AC!I43:I44,"Inherited")>0,"Inherited", IF(COUNTIF(AC!I43:I44,"Partially Implemented")>0,"Partially Implemented", IF(COUNTIF(AC!I43:I44,"Implemented")>0,"Implemented", ""))))) -> Implemented | F16: =IF(COUNTIF(AC!J43:J44,"Not Applicable")>0,"Not Applicable", IF(COUNTIF(AC!J43:J44,"NOT MET")>0,"NOT MET", IF(COUNTIF(AC!J43:J44,"MET")>0,"MET", ""))) -> MET | G16: 1 | H16: 1
A17: AC | B17: AC.L2-3.1.15 | C17: 2 | D17: Privileged Remote Access | E17: =IF(COUNTIF(AC!I45:I48,"Not Selected")>0,"Not Selected", IF(COUNTIF(AC!I45:I48,"Planned")>0,"Planned", IF(COUNTIF(AC!I45:I48,"Inherited")>0,"Inherited", IF(COUNTIF(AC!I45:I48,"Partially Implemented")>0,"Partially Implemented", IF(COUNTIF(AC!I45:I48,"Implemented")>0,"Implemented", ""))))) -> Implemented | F17: =IF(COUNTIF(AC!J45:J48,"Not Applicable")>0,"Not Applicable", IF(COUNTIF(AC!J45:J48,"NOT MET")>0,"NOT MET", IF(COUNTIF(AC!J45:J48,"MET")>0,"MET", ""))) -> MET | G17: 1 | H17: 1
A18: AC | B18: AC.L2-3.1.16 | C18: 2 | D18: Wireless Access Authorization | E18: =IF(COUNTIF(AC!I49:I50,"Not Selected")>0,"Not Selected", IF(COUNTIF(AC!I49:I50,"Planned")>0,"Planned", IF(COUNTIF(AC!I49:I50,"Inherited")>0,"Inherited", IF(COUNTIF(AC!I49:I50,"Partially Implemented")>0,"Partially Implemented", IF(COUNTIF(AC!I49:I50,"Implemented")>0,"Implemented", ""))))) -> Inherited | F18: =IF(COUNTIF(AC!J49:J50,"Not Applicable")>0,"Not Applicable", IF(COUNTIF(AC!J49:J50,"NOT MET")>0,"NOT MET", IF(COUNTIF(AC!J49:J50,"MET")>0,"MET", ""))) -> MET | G18: 1 | H18: 5
A19: AC | B19: AC.L2-3.1.17 | C19: 2 | D19: Wireless Access Protection | E19: =IF(COUNTIF(AC!I52,"Not Selected")>0,"Not Selected", IF(COUNTIF(AC!I52,"Planned")>0,"Planned", IF(COUNTIF(AC!I52,"Inherited")>0,"Inherited", IF(COUNTIF(AC!I52,"Partially Implemented")>0,"Partially Implemented", IF(COUNTIF(AC!I52,"Implemented")>0,"Implemented", ""))))) -> Inherited | F19: =IF(COUNTIF(AC!J52,"Not Applicable")>0,"Not Applicable", IF(COUNTIF(AC!J52,"NOT MET")>0,"NOT MET", IF(COUNTIF(AC!J52,"MET")>0,"MET", ""))) -> MET | G19: 1 | H19: 5
A20: AC | B20: AC.L2-3.1.18 | C20: 2 | D20: Mobile Device Connection | E20: =IF(COUNTIF(AC!I55,"Not Selected")>0,"Not Selected", IF(COUNTIF(AC!I55,"Planned")>0,"Planned", IF(COUNTIF(AC!I55,"Inherited")>0,"Inherited", IF(COUNTIF(AC!I55,"Partially Implemented")>0,"Partially Implemented", IF(COUNTIF(AC!I55,"Implemented")>0,"Implemented", ""))))) -> Implemented | F20: =IF(COUNTIF(AC!J55,"Not Applicable")>0,"Not Applicable", IF(COUNTIF(AC!J55,"NOT MET")>0,"NOT MET", IF(COUNTIF(AC!J55,"MET")>0,"MET", ""))) -> MET | G20: 1 | H20: 5
A21: AC | B21: AC.L2-3.1.19 | C21: 2 | D21: Encrypt CUI on Mobile | E21: =IF(COUNTIF(AC!I56:I57,"Not Selected")>0,"Not Selected", IF(COUNTIF(AC!I56:I57,"Planned")>0,"Planned", IF(COUNTIF(AC!I56:I57,"Inherited")>0,"Inherited", IF(COUNTIF(AC!I56:I57,"Partially Implemented")>0,"Partially Implemented", IF(COUNTIF(AC!I56:I57,"Implemented")>0,"Implemented", ""))))) -> Implemented | F21: =IF(COUNTIF(AC!J56:J57,"Not Applicable")>0,"Not Applicable", IF(COUNTIF(AC!J56:J57,"NOT MET")>0,"NOT MET", IF(COUNTIF(AC!J56:J57,"MET")>0,"MET", ""))) -> MET | G21: 1 | H21: 3
A22: AC | B22: AC.L1-3.1.20 | C22: 1 | D22: External Connections | E22: =IF(COUNTIF(AC!I58:I63,"Not Selected")>0,"Not Selected", IF(COUNTIF(AC!I58:I63,"Planned")>0,"Planned", IF(COUNTIF(AC!I58:I63,"Inherited")>0,"Inherited", IF(COUNTIF(AC!I58:I63,"Partially Implemented")>0,"Partially Implemented", IF(COUNTIF(AC!I58:I63,"Implemented")>0,"Implemented", ""))))) -> Implemented | F22: =IF(COUNTIF(AC!J58:J63,"Not Applicable")>0,"Not Applicable", IF(COUNTIF(AC!J58:J63,"NOT MET")>0,"NOT MET", IF(COUNTIF(AC!J58:J63,"MET")>0,"MET", ""))) -> MET | G22: 1 | H22: 1
A23: AC | B23: AC.L2-3.1.21 | C23: 2 | D23: Portable Storage Use | E23: =IF(COUNTIF(AC!I64:I66,"Not Selected")>0,"Not Selected", IF(COUNTIF(AC!I64:I66,"Planned")>0,"Planned", IF(COUNTIF(AC!I64:I66,"Inherited")>0,"Inherited", IF(COUNTIF(AC!I64:I66,"Partially Implemented")>0,"Partially Implemented", IF(COUNTIF(AC!I64:I66,"Implemented")>0,"Implemented", ""))))) -> Implemented | F23: =IF(COUNTIF(AC!J64:J66,"Not Applicable")>0,"Not Applicable", IF(COUNTIF(AC!J64:J66,"NOT MET")>0,"NOT MET", IF(COUNTIF(AC!J64:J66,"MET")>0,"MET", ""))) -> MET | G23: 1 | H23: 1
A24: AC | B24: AC.L1-3.1.22 | C24: 1 | D24: Control Public Information | E24: =IF(COUNTIF(AC!I71,"Not Selected")>0,"Not Selected", IF(COUNTIF(AC!I71,"Planned")>0,"Planned", IF(COUNTIF(AC!I71,"Inherited")>0,"Inherited", IF(COUNTIF(AC!I71,"Partially Implemented")>0,"Partially Implemented", IF(COUNTIF(AC!I71,"Implemented")>0,"Implemented", ""))))) -> Implemented | F24: =IF(COUNTIF(AC!J71,"Not Applicable")>0,"Not Applicable", IF(COUNTIF(AC!J71,"NOT MET")>0,"NOT MET", IF(COUNTIF(AC!J71,"MET")>0,"MET", ""))) -> MET | G24: 1 | H24: 1
D25: Awareness and Training (AT)
A26: AT | B26: AT.L2-3.2.1 | C26: 2 | D26: Role-Based Risk Awareness | E26: =IF(COUNTIF(AT!I2:I5,"Not Selected")>0,"Not Selected", IF(COUNTIF(AT!I2:I5,"Planned")>0,"Planned", IF(COUNTIF(AT!I2:I5,"Inherited")>0,"Inherited", IF(COUNTIF(AT!I2:I5,"Partially Implemented")>0,"Partially Implemented", IF(COUNTIF(AT!I2:I5,"Implemented")>0,"Implemented", ""))))) -> Implemented | F26: =IF(COUNTIF(AT!J2:J5,"Not Applicable")>0,"Not Applicable", IF(COUNTIF(AT!J2:J5,"NOT MET")>0,"NOT MET", IF(COUNTIF(AT!J2:J5,"Partially MET")>0,"Partially MET", IF(COUNTIF(AT!J2:J5,"MET")>0,"MET", "")))) -> MET | G26: 1 | H26: 5
A27: AT | B27: AT.L2-3.2.2 | C27: 2 | D27: Role-Based Training | E27: =IF(COUNTIF(AT!I6:I8,"Not Selected")>0,"Not Selected", IF(COUNTIF(AT!I6:I8,"Planned")>0,"Planned", IF(COUNTIF(AT!I6:I8,"Inherited")>0,"Inherited", IF(COUNTIF(AT!I6:I8,"Partially Implemented")>0,"Partially Implemented", IF(COUNTIF(AT!I6:I8,"Implemented")>0,"Implemented", ""))))) -> Implemented | F27: =IF(COUNTIF(AT!J6:J8,"Not Applicable")>0,"Not Applicable", IF(COUNTIF(AT!J6:J8,"NOT MET")>0,"NOT MET", IF(COUNTIF(AT!J6:J8,"Partially MET")>0,"Partially MET", IF(COUNTIF(AT!J6:J8,"MET")>0,"MET", "")))) -> MET | G27: 1 | H27: 5
A28: AT | B28: AT.L2-3.2.3 | C28: 2 | D28: Insider Threat Awareness | E28: =IF(COUNTIF(AT!I9:I10,"Not Selected")>0,"Not Selected", IF(COUNTIF(AT!I9:I10,"Planned")>0,"Planned", IF(COUNTIF(AT!I9:I10,"Inherited")>0,"Inherited", IF(COUNTIF(AT!I9:I10,"Partially Implemented")>0,"Partially Implemented", IF(COUNTIF(AT!I9:I10,"Implemented")>0,"Implemented", ""))))) -> Implemented | F28: =IF(COUNTIF(AT!J9:J10,"Not Applicable")>0,"Not Applicable", IF(COUNTIF(AT!J9:J10,"NOT MET")>0,"NOT MET", IF(COUNTIF(AT!J9:J10,"Partially MET")>0,"Partially MET", IF(COUNTIF(AT!J9:J10,"MET")>0,"MET", "")))) -> MET | G28: 1 | H28: 1
D29: Audit and Accountability (AU)
A30: AU | B30: AU.L2-3.3.1 | C30: 2 | D30: System Auditing | E30: =IF(COUNTIF(AU!I2:I7,"Not Selected")>0,"Not Selected", IF(COUNTIF(AU!I2:I7,"Planned")>0,"Planned", IF(COUNTIF(AU!I2:I7,"Inherited")>0,"Inherited", IF(COUNTIF(AU!I2:I7,"Partially Implemented")>0,"Partially Implemented", IF(COUNTIF(AU!I2:I7,"Implemented")>0,"Implemented", ""))))) -> Implemented | F30: =IF(COUNTIF(AU!J2:J7,"Not Applicable")>0,"Not Applicable", IF(COUNTIF(AU!J2:J7,"NOT MET")>0,"NOT MET", IF(COUNTIF(AU!J2:J7,"Partially MET")>0,"Partially MET", IF(COUNTIF(AU!J2:J7,"MET")>0,"MET", "")))) -> MET | G30: 1 | H30: 5
A31: AU | B31: AU.L2-3.3.2 | C31: 2 | D31: User Accountability | E31: =IF(COUNTIF(AU!I8:I9,"Not Selected")>0,"Not Selected", IF(COUNTIF(AU!I8:I9,"Planned")>0,"Planned", IF(COUNTIF(AU!I8:I9,"Inherited")>0,"Inherited", IF(COUNTIF(AU!I8:I9,"Partially Implemented")>0,"Partially Implemented", IF(COUNTIF(AU!I8:I9,"Implemented")>0,"Implemented", ""))))) -> Implemented | F31: =IF(COUNTIF(AU!J8:J9,"Not Applicable")>0,"Not Applicable", IF(COUNTIF(AU!J8:J9,"NOT MET")>0,"NOT MET", IF(COUNTIF(AU!J8:J9,"Partially MET")>0,"Partially MET", IF(COUNTIF(AU!J8:J9,"MET")>0,"MET", "")))) -> MET | G31: 1 | H31: 3
A32: AU | B32: AU.L2-3.3.3 | C32: 2 | D32: Event Review | E32: =IF(COUNTIF(AU!I10:I12,"Not Selected")>0,"Not Selected", IF(COUNTIF(AU!I10:I12,"Planned")>0,"Planned", IF(COUNTIF(AU!I10:I12,"Inherited")>0,"Inherited", IF(COUNTIF(AU!I10:I12,"Partially Implemented")>0,"Partially Implemented", IF(COUNTIF(AU!I10:I12,"Implemented")>0,"Implemented", ""))))) -> Implemented | F32: =IF(COUNTIF(AU!J10:J12,"Not Applicable")>0,"Not Applicable", IF(COUNTIF(AU!J10:J12,"NOT MET")>0,"NOT MET", IF(COUNTIF(AU!J10:J12,"Partially MET")>0,"Partially MET", IF(COUNTIF(AU!J10:J12,"MET")>0,"MET", "")))) -> MET | G32: 1 | H32: 1
A33: AU | B33: AU.L2-3.3.4 | C33: 2 | D33: Audit Failure Alerting | E33: =IF(COUNTIF(AU!I13:I15,"Not Selected")>0,"Not Selected", IF(COUNTIF(AU!I13:I15,"Planned")>0,"Planned", IF(COUNTIF(AU!I13:I15,"Inherited")>0,"Inherited", IF(COUNTIF(AU!I13:I15,"Partially Implemented")>0,"Partially Implemented", IF(COUNTIF(AU!I13:I15,"Implemented")>0,"Implemented", ""))))) -> Implemented | F33: =IF(COUNTIF(AU!J13:J15,"Not Applicable")>0,"Not Applicable", IF(COUNTIF(AU!J13:J15,"NOT MET")>0,"NOT MET", IF(COUNTIF(AU!J13:J15,"Partially MET")>0,"Partially MET", IF(COUNTIF(AU!J13:J15,"MET")>0,"MET", "")))) -> MET | G33: 1 | H33: 1
A34: AU | B34: AU.L2-3.3.5 | C34: 2 | D34: Audit Correlation | E34: =IF(COUNTIF(AU!I16:I17,"Not Selected")>0,"Not Selected", IF(COUNTIF(AU!I16:I17,"Planned")>0,"Planned", IF(COUNTIF(AU!I16:I17,"Inherited")>0,"Inherited", IF(COUNTIF(AU!I16:I17,"Partially Implemented")>0,"Partially Implemented", IF(COUNTIF(AU!I16:I17,"Implemented")>0,"Implemented", ""))))) -> Implemented | F34: =IF(COUNTIF(AU!J16:J17,"Not Applicable")>0,"Not Applicable", IF(COUNTIF(AU!J16:J17,"NOT MET")>0,"NOT MET", IF(COUNTIF(AU!J16:J17,"Partially MET")>0,"Partially MET", IF(COUNTIF(AU!J16:J17,"MET")>0,"MET", "")))) -> MET | G34: 1 | H34: 5
A35: AU | B35: AU.L2-3.3.6 | C35: 2 | D35: Reduction & Reporting | E35: =IF(COUNTIF(AU!I18:I19,"Not Selected")>0,"Not Selected", IF(COUNTIF(AU!I18:I19,"Planned")>0,"Planned", IF(COUNTIF(AU!I18:I19,"Inherited")>0,"Inherited", IF(COUNTIF(AU!I18:I19,"Partially Implemented")>0,"Partially Implemented", IF(COUNTIF(AU!I18:I19,"Implemented")>0,"Implemented", ""))))) -> Implemented | F35: =IF(COUNTIF(AU!J18:J19,"Not Applicable")>0,"Not Applicable", IF(COUNTIF(AU!J18:J19,"NOT MET")>0,"NOT MET", IF(COUNTIF(AU!J18:J19,"Partially MET")>0,"Partially MET", IF(COUNTIF(AU!J18:J19,"MET")>0,"MET", "")))) -> MET | G35: 1 | H35: 1
A36: AU | B36: AU.L2-3.3.7 | C36: 2 | D36: Authoritative Time Source | E36: =IF(COUNTIF(AU!I20:I22,"Not Selected")>0,"Not Selected", IF(COUNTIF(AU!I20:I22,"Planned")>0,"Planned", IF(COUNTIF(AU!I20:I22,"Inherited")>0,"Inherited", IF(COUNTIF(AU!I20:I22,"Partially Implemented")>0,"Partially Implemented", IF(COUNTIF(AU!I20:I22,"Implemented")>0,"Implemented", ""))))) -> Implemented | F36: =IF(COUNTIF(AU!J20:J22,"Not Applicable")>0,"Not Applicable", IF(COUNTIF(AU!J20:J22,"NOT MET")>0,"NOT MET", IF(COUNTIF(AU!J20:J22,"Partially MET")>0,"Partially MET", IF(COUNTIF(AU!J20:J22,"MET")>0,"MET", "")))) -> MET | G36: 1 | H36: 1
A37: AU | B37: AU.L2-3.3.8 | C37: 2 | D37: Audit Protection | E37: =IF(COUNTIF(AU!I23:I28,"Not Selected")>0,"Not Selected", IF(COUNTIF(AU!I23:I28,"Planned")>0,"Planned", IF(COUNTIF(AU!I23:I28,"Inherited")>0,"Inherited", IF(COUNTIF(AU!I23:I28,"Partially Implemented")>0,"Partially Implemented", IF(COUNTIF(AU!I23:I28,"Implemented")>0,"Implemented", ""))))) -> Implemented | F37: =IF(COUNTIF(AU!J23:J28,"Not Applicable")>0,"Not Applicable", IF(COUNTIF(AU!J23:J28,"NOT MET")>0,"NOT MET", IF(COUNTIF(AU!J23:J28,"Partially MET")>0,"Partially MET", IF(COUNTIF(AU!J23:J28,"MET")>0,"MET", "")))) -> MET | G37: 1 | H37: 1
A38: AU | B38: AU.L2-3.3.9 | C38: 2 | D38: Audit Management | E38: =IF(COUNTIF(AU!I30,"Not Selected")>0,"Not Selected", IF(COUNTIF(AU!I30,"Planned")>0,"Planned", IF(COUNTIF(AU!I30,"Inherited")>0,"Inherited", IF(COUNTIF(AU!I30,"Partially Implemented")>0,"Partially Implemented", IF(COUNTIF(AU!I30,"Implemented")>0,"Implemented", ""))))) -> Implemented | F38: =IF(COUNTIF(AU!J30,"Not Applicable")>0,"Not Applicable", IF(COUNTIF(AU!J30,"NOT MET")>0,"NOT MET", IF(COUNTIF(AU!J30,"Partially MET")>0,"Partially MET", IF(COUNTIF(AU!J30,"MET")>0,"MET", "")))) -> MET | G38: 1 | H38: 1
D39: Security Assessment (CA)
A40: CA | B40: CA.L2-3.12.1 | C40: 2 | D40: Security Control Assessment | E40: =IF(COUNTIF(CA!I2:I3,"Not Selected")>0,"Not Selected", IF(COUNTIF(CA!I2:I3,"Planned")>0,"Planned", IF(COUNTIF(CA!I2:I3,"Inherited")>0,"Inherited", IF(COUNTIF(CA!I2:I3,"Partially Implemented")>0,"Partially Implemented", IF(COUNTIF(CA!I2:I3,"Implemented")>0,"Implemented", ""))))) -> Implemented | F40: =IF(COUNTIF(CA!J2:J3,"Not Applicable")>0,"Not Applicable", IF(COUNTIF(CA!J2:J3,"NOT MET")>0,"NOT MET", IF(COUNTIF(CA!J2:J3,"Partially MET")>0,"Partially MET", IF(COUNTIF(CA!J2:J3,"MET")>0,"MET", "")))) -> MET | G40: 1 | H40: 5
A41: CA | B41: CA.L2-3.12.2 | C41: 2 | D41: Plan of Action | E41: =IF(COUNTIF(CA!I4:I6,"Not Selected")>0,"Not Selected", IF(COUNTIF(CA!I4:I6,"Planned")>0,"Planned", IF(COUNTIF(CA!I4:I6,"Inherited")>0,"Inherited", IF(COUNTIF(CA!I4:I6,"Partially Implemented")>0,"Partially Implemented", IF(COUNTIF(CA!I4:I6,"Implemented")>0,"Implemented", ""))))) -> Implemented | F41: =IF(COUNTIF(CA!J4:J6,"Not Applicable")>0,"Not Applicable", IF(COUNTIF(CA!J4:J6,"NOT MET")>0,"NOT MET", IF(COUNTIF(CA!J4:J6,"Partially MET")>0,"Partially MET", IF(COUNTIF(CA!J4:J6,"MET")>0,"MET", "")))) -> MET | G41: 1 | H41: 3
A42: CA | B42: CA.L2-3.12.3 | C42: 2 | D42: Security Control Monitoring | E42: =IF(COUNTIF(CA!I7,"Not Selected")>0,"Not Selected", IF(COUNTIF(CA!I7,"Planned")>0,"Planned", IF(COUNTIF(CA!I7,"Inherited")>0,"Inherited", IF(COUNTIF(CA!I7,"Partially Implemented")>0,"Partially Implemented", IF(COUNTIF(CA!I7,"Implemented")>0,"Implemented", ""))))) -> Implemented | F42: =IF(COUNTIF(CA!J7,"Not Applicable")>0,"Not Applicable", IF(COUNTIF(CA!J7,"NOT MET")>0,"NOT MET", IF(COUNTIF(CA!J7,"Partially MET")>0,"Partially MET", IF(COUNTIF(CA!J7,"MET")>0,"MET", "")))) -> MET | G42: 1 | H42: 5
A43: CA | B43: CA.L2-3.12.4 | C43: 2 | D43: System Security Plan | E43: =IF(COUNTIF(CA!I8:I15,"Not Selected")>0,"Not Selected", IF(COUNTIF(CA!I8:I15,"Planned")>0,"Planned", IF(COUNTIF(CA!I8:I15,"Inherited")>0,"Inherited", IF(COUNTIF(CA!I8:I15,"Partially Implemented")>0,"Partially Implemented", IF(COUNTIF(CA!I8:I15,"Implemented")>0,"Implemented", ""))))) -> Implemented | F43: =IF(COUNTIF(CA!J8:J15,"Not Applicable")>0,"Not Applicable", IF(COUNTIF(CA!J8:J15,"NOT MET")>0,"NOT MET", IF(COUNTIF(CA!J8:J15,"Partially MET")>0,"Partially MET", IF(COUNTIF(CA!J8:J15,"MET")>0,"MET", "")))) -> MET | G43: 1 | H43: N/A
D44: Configuration Management (CM)
A45: CM | B45: CM.L2-3.4.1 | C45: 2 | D45: System Baselining | E45: =IF(COUNTIF(CM!I2:I7,"Not Selected")>0,"Not Selected", IF(COUNTIF(CM!I2:I7,"Planned")>0,"Planned", IF(COUNTIF(CM!I2:I7,"Inherited")>0,"Inherited", IF(COUNTIF(CM!I2:I7,"Partially Implemented")>0,"Partially Implemented", IF(COUNTIF(CM!I2:I7,"Implemented")>0,"Implemented", ""))))) -> Implemented | F45: =IF(COUNTIF(CM!J2:J7,"Not Applicable")>0,"Not Applicable", IF(COUNTIF(CM!J2:J7,"NOT MET")>0,"NOT MET", IF(COUNTIF(CM!J2:J7,"Partially MET")>0,"Partially MET", IF(COUNTIF(CM!J2:J7,"MET")>0,"MET", "")))) -> MET | G45: 1 | H45: 5
A46: CM | B46: CM.L2-3.4.2 | C46: 2 | D46: Security Configuration Enforcement | E46: =IF(COUNTIF(CM!I8:I9,"Not Selected")>0,"Not Selected", IF(COUNTIF(CM!I8:I9,"Planned")>0,"Planned", IF(COUNTIF(CM!I8:I9,"Inherited")>0,"Inherited", IF(COUNTIF(CM!I8:I9,"Partially Implemented")>0,"Partially Implemented", IF(COUNTIF(CM!I8:I9,"Implemented")>0,"Implemented", ""))))) -> Implemented | F46: =IF(COUNTIF(CM!J8:J9,"Not Applicable")>0,"Not Applicable", IF(COUNTIF(CM!J8:J9,"NOT MET")>0,"NOT MET", IF(COUNTIF(CM!J8:J9,"Partially MET")>0,"Partially MET", IF(COUNTIF(CM!J8:J9,"MET")>0,"MET", "")))) -> MET | G46: 1 | H46: 5
A47: CM | B47: CM.L2-3.4.3 | C47: 2 | D47: System Change Management | E47: =IF(COUNTIF(CM!I10:I13,"Not Selected")>0,"Not Selected", IF(COUNTIF(CM!I10:I13,"Planned")>0,"Planned", IF(COUNTIF(CM!I10:I13,"Inherited")>0,"Inherited", IF(COUNTIF(CM!I10:I13,"Partially Implemented")>0,"Partially Implemented", IF(COUNTIF(CM!I10:I13,"Implemented")>0,"Implemented", ""))))) -> Implemented | F47: =IF(COUNTIF(CM!J10:J13,"Not Applicable")>0,"Not Applicable", IF(COUNTIF(CM!J10:J13,"NOT MET")>0,"NOT MET", IF(COUNTIF(CM!J10:J13,"Partially MET")>0,"Partially MET", IF(COUNTIF(CM!J10:J13,"MET")>0,"MET", "")))) -> MET | G47: 1 | H47: 1
A48: CM | B48: CM.L2-3.4.4 | C48: 2 | D48: Security Impact Analysis | E48: =IF(COUNTIF(CM!I14:I14,"Not Selected")>0,"Not Selected", IF(COUNTIF(CM!I14:I14,"Planned")>0,"Planned", IF(COUNTIF(CM!I14:I14,"Inherited")>0,"Inherited", IF(COUNTIF(CM!I14:I14,"Partially Implemented")>0,"Partially Implemented", IF(COUNTIF(CM!I14:I14,"Implemented")>0,"Implemented", ""))))) -> Implemented | F48: =IF(COUNTIF(CM!J14:J14,"Not Applicable")>0,"Not Applicable", IF(COUNTIF(CM!J14:J14,"NOT MET")>0,"NOT MET", IF(COUNTIF(CM!J14:J14,"Partially MET")>0,"Partially MET", IF(COUNTIF(CM!J14:J14,"MET")>0,"MET", "")))) -> MET | G48: 1 | H48: 1
A49: CM | B49: CM.L2-3.4.5 | C49: 2 | D49: Access Restrictions for Change | E49: =IF(COUNTIF(CM!I15:I22,"Not Selected")>0,"Not Selected", IF(COUNTIF(CM!I15:I22,"Planned")>0,"Planned", IF(COUNTIF(CM!I15:I22,"Inherited")>0,"Inherited", IF(COUNTIF(CM!I15:I22,"Partially Implemented")>0,"Partially Implemented", IF(COUNTIF(CM!I15:I22,"Implemented")>0,"Implemented", ""))))) -> Implemented | F49: =IF(COUNTIF(CM!J15:J22,"Not Applicable")>0,"Not Applicable", IF(COUNTIF(CM!J15:J22,"NOT MET")>0,"NOT MET", IF(COUNTIF(CM!J15:J22,"Partially MET")>0,"Partially MET", IF(COUNTIF(CM!J15:J22,"MET")>0,"MET", "")))) -> MET | G49: 1 | H49: 5
A50: CM | B50: CM.L2-3.4.6 | C50: 2 | D50: Least Functionality | E50: =IF(COUNTIF(CM!I23:I24,"Not Selected")>0,"Not Selected", IF(COUNTIF(CM!I23:I24,"Planned")>0,"Planned", IF(COUNTIF(CM!I23:I24,"Inherited")>0,"Inherited", IF(COUNTIF(CM!I23:I24,"Partially Implemented")>0,"Partially Implemented", IF(COUNTIF(CM!I23:I24,"Implemented")>0,"Implemented", ""))))) -> Implemented | F50: =IF(COUNTIF(CM!J23:J24,"Not Applicable")>0,"Not Applicable", IF(COUNTIF(CM!J23:J24,"NOT MET")>0,"NOT MET", IF(COUNTIF(CM!J23:J24,"Partially MET")>0,"Partially MET", IF(COUNTIF(CM!J23:J24,"MET")>0,"MET", "")))) -> MET | G50: 1 | H50: 5
A51: CM | B51: CM.L2-3.4.7 | C51: 2 | D51: Nonessential Functionality | E51: =IF(COUNTIF(CM!I25:I39,"Not Selected")>0,"Not Selected", IF(COUNTIF(CM!I25:I39,"Planned")>0,"Planned", IF(COUNTIF(CM!I25:I39,"Inherited")>0,"Inherited", IF(COUNTIF(CM!I25:I39,"Partially Implemented")>0,"Partially Implemented", IF(COUNTIF(CM!I25:I39,"Implemented")>0,"Implemented", ""))))) -> Implemented | F51: =IF(COUNTIF(CM!J25:J39,"Not Applicable")>0,"Not Applicable", IF(COUNTIF(CM!J25:J39,"NOT MET")>0,"NOT MET", IF(COUNTIF(CM!J25:J39,"Partially MET")>0,"Partially MET", IF(COUNTIF(CM!J25:J39,"MET")>0,"MET", "")))) -> MET | G51: 1 | H51: 5
A52: CM | B52: CM.L2-3.4.8 | C52: 2 | D52: Application Execution Policy | E52: =IF(COUNTIF(CM!I40:I42,"Not Selected")>0,"Not Selected", IF(COUNTIF(CM!I40:I42,"Planned")>0,"Planned", IF(COUNTIF(CM!I40:I42,"Inherited")>0,"Inherited", IF(COUNTIF(CM!I40:I42,"Partially Implemented")>0,"Partially Implemented", IF(COUNTIF(CM!I40:I42,"Implemented")>0,"Implemented", ""))))) -> Implemented | F52: =IF(COUNTIF(CM!J40:J42,"Not Applicable")>0,"Not Applicable", IF(COUNTIF(CM!J40:J42,"NOT MET")>0,"NOT MET", IF(COUNTIF(CM!J40:J42,"Partially MET")>0,"Partially MET", IF(COUNTIF(CM!J40:J42,"MET")>0,"MET", "")))) -> MET | G52: 1 | H52: 5
A53: CM | B53: CM.L2-3.4.9 | C53: 2 | D53: User-Installed Software | E53: =IF(COUNTIF(CM!I43:I45,"Not Selected")>0,"Not Selected", IF(COUNTIF(CM!I43:I45,"Planned")>0,"Planned", IF(COUNTIF(CM!I43:I45,"Inherited")>0,"Inherited", IF(COUNTIF(CM!I43:I45,"Partially Implemented")>0,"Partially Implemented", IF(COUNTIF(CM!I43:I45,"Implemented")>0,"Implemented", ""))))) -> Implemented | F53: =IF(COUNTIF(CM!J43:J45,"Not Applicable")>0,"Not Applicable", IF(COUNTIF(CM!J43:J45,"NOT MET")>0,"NOT MET", IF(COUNTIF(CM!J43:J45,"Partially MET")>0,"Partially MET", IF(COUNTIF(CM!J43:J45,"MET")>0,"MET", "")))) -> MET | G53: 1 | H53: 1
D54: Identification and Authentication (IA)
A55: IA | B55: IA.L1-3.5.1 | C55: 1 | D55: Identification | E55: =IF(COUNTIF(IA!I2:I4,"Not Selected")>0,"Not Selected", IF(COUNTIF(IA!I2:I4,"Planned")>0,"Planned", IF(COUNTIF(IA!I2:I4,"Inherited")>0,"Inherited", IF(COUNTIF(IA!I2:I4,"Partially Implemented")>0,"Partially Implemented", IF(COUNTIF(IA!I2:I4,"Implemented")>0,"Implemented", ""))))) -> Implemented | F55: =IF(COUNTIF(IA!J2:J4,"Not Applicable")>0,"Not Applicable", IF(COUNTIF(IA!J2:J4,"NOT MET")>0,"NOT MET", IF(COUNTIF(IA!J2:J4,"Partially MET")>0,"Partially MET", IF(COUNTIF(IA!J2:J4,"MET")>0,"MET", "")))) -> MET | G55: 1 | H55: 5
A56: IA | B56: IA.L1-3.5.2 | C56: 1 | D56: Authentication | E56: =IF(COUNTIF(IA!I5:I7,"Not Selected")>0,"Not Selected", IF(COUNTIF(IA!I5:I7,"Planned")>0,"Planned", IF(COUNTIF(IA!I5:I7,"Inherited")>0,"Inherited", IF(COUNTIF(IA!I5:I7,"Partially Implemented")>0,"Partially Implemented", IF(COUNTIF(IA!I5:I7,"Implemented")>0,"Implemented", ""))))) -> Implemented | F56: =IF(COUNTIF(IA!J5:J7,"Not Applicable")>0,"Not Applicable", IF(COUNTIF(IA!J5:J7,"NOT MET")>0,"NOT MET", IF(COUNTIF(IA!J5:J7,"Partially MET")>0,"Partially MET", IF(COUNTIF(IA!J5:J7,"MET")>0,"MET", "")))) -> MET | G56: 1 | H56: 5
A57: IA | B57: IA.L2-3.5.3 | C57: 2 | D57: Multifactor Authentication | E57: =IF(COUNTIF(IA!I11,"Not Selected")>0,"Not Selected", IF(COUNTIF(IA!I11,"Planned")>0,"Planned", IF(COUNTIF(IA!I11,"Inherited")>0,"Inherited", IF(COUNTIF(IA!I11,"Partially Implemented")>0,"Partially Implemented", IF(COUNTIF(IA!I11,"Implemented")>0,"Implemented", ""))))) -> Implemented | F57: =IF(COUNTIF(IA!J11,"Not Applicable")>0,"Not Applicable", IF(COUNTIF(IA!J11,"NOT MET")>0,"NOT MET", IF(COUNTIF(IA!J11,"Partially MET")>0,"Partially MET", IF(COUNTIF(IA!J11,"MET")>0,"MET", "")))) -> MET | G57: 1 | H57: 5
A58: IA | B58: IA.L2-3.5.4 | C58: 2 | D58: Replay-Resistant Authentication | E58: =IF(COUNTIF(IA!I12,"Not Selected")>0,"Not Selected", IF(COUNTIF(IA!I12,"Planned")>0,"Planned", IF(COUNTIF(IA!I12,"Inherited")>0,"Inherited", IF(COUNTIF(IA!I12,"Partially Implemented")>0,"Partially Implemented", IF(COUNTIF(IA!I12,"Implemented")>0,"Implemented", ""))))) -> Implemented | F58: =IF(COUNTIF(IA!J12,"Not Applicable")>0,"Not Applicable", IF(COUNTIF(IA!J12,"NOT MET")>0,"NOT MET", IF(COUNTIF(IA!J12,"Partially MET")>0,"Partially MET", IF(COUNTIF(IA!J12,"MET")>0,"MET", "")))) -> MET | G58: 1 | H58: 1
A59: IA | B59: IA.L2-3.5.5 | C59: 2 | D59: Identifier Reuse | E59: =IF(COUNTIF(IA!I13:I14,"Not Selected")>0,"Not Selected", IF(COUNTIF(IA!I13:I14,"Planned")>0,"Planned", IF(COUNTIF(IA!I13:I14,"Inherited")>0,"Inherited", IF(COUNTIF(IA!I13:I14,"Partially Implemented")>0,"Partially Implemented", IF(COUNTIF(IA!I13:I14,"Implemented")>0,"Implemented", ""))))) -> Implemented | F59: =IF(COUNTIF(IA!J13:J14,"Not Applicable")>0,"Not Applicable", IF(COUNTIF(IA!J13:J14,"NOT MET")>0,"NOT MET", IF(COUNTIF(IA!J13:J14,"Partially MET")>0,"Partially MET", IF(COUNTIF(IA!J13:J14,"MET")>0,"MET", "")))) -> MET | G59: 1 | H59: 1
A60: IA | B60: IA.L2-3.5.6 | C60: 2 | D60: Identifier Handling | E60: =IF(COUNTIF(IA!I16,"Not Selected")>0,"Not Selected", IF(COUNTIF(IA!I16,"Planned")>0,"Planned", IF(COUNTIF(IA!I16,"Inherited")>0,"Inherited", IF(COUNTIF(IA!I16,"Partially Implemented")>0,"Partially Implemented", IF(COUNTIF(IA!I16,"Implemented")>0,"Implemented", ""))))) -> Implemented | F60: =IF(COUNTIF(IA!J16,"Not Applicable")>0,"Not Applicable", IF(COUNTIF(IA!J16,"NOT MET")>0,"NOT MET", IF(COUNTIF(IA!J16,"Partially MET")>0,"Partially MET", IF(COUNTIF(IA!J16,"MET")>0,"MET", "")))) -> MET | G60: 1 | H60: 1
A61: IA | B61: IA.L2-3.5.7 | C61: 2 | D61: Password Complexity | E61: =IF(COUNTIF(IA!I17:I20,"Not Selected")>0,"Not Selected", IF(COUNTIF(IA!I17:I20,"Planned")>0,"Planned", IF(COUNTIF(IA!I17:I20,"Inherited")>0,"Inherited", IF(COUNTIF(IA!I17:I20,"Partially Implemented")>0,"Partially Implemented", IF(COUNTIF(IA!I17:I20,"Implemented")>0,"Implemented", ""))))) -> Implemented | F61: =IF(COUNTIF(IA!J17:J20,"Not Applicable")>0,"Not Applicable", IF(COUNTIF(IA!J17:J20,"NOT MET")>0,"NOT MET", IF(COUNTIF(IA!J17:J20,"Partially MET")>0,"Partially MET", IF(COUNTIF(IA!J17:J20,"MET")>0,"MET", "")))) -> MET | G61: 1 | H61: 1
A62: IA | B62: IA.L2-3.5.8 | C62: 2 | D62: Password Reuse | E62: =IF(COUNTIF(IA!I21:I22,"Not Selected")>0,"Not Selected", IF(COUNTIF(IA!I21:I22,"Planned")>0,"Planned", IF(COUNTIF(IA!I21:I22,"Inherited")>0,"Inherited", IF(COUNTIF(IA!I21:I22,"Partially Implemented")>0,"Partially Implemented", IF(COUNTIF(IA!I21:I22,"Implemented")>0,"Implemented", ""))))) -> Implemented | F62: =IF(COUNTIF(IA!J21:J22,"Not Applicable")>0,"Not Applicable", IF(COUNTIF(IA!J21:J22,"NOT MET")>0,"NOT MET", IF(COUNTIF(IA!J21:J22,"Partially MET")>0,"Partially MET", IF(COUNTIF(IA!J21:J22,"MET")>0,"MET", "")))) -> MET | G62: 1 | H62: 1
A63: IA | B63: IA.L2-3.5.9 | C63: 2 | D63: Temporary Passwords | E63: =IF(COUNTIF(IA!I23:I23,"Not Selected")>0,"Not Selected", IF(COUNTIF(IA!I23:I23,"Planned")>0,"Planned", IF(COUNTIF(IA!I23:I23,"Inherited")>0,"Inherited", IF(COUNTIF(IA!I23:I23,"Partially Implemented")>0,"Partially Implemented", IF(COUNTIF(IA!I23:I23,"Implemented")>0,"Implemented", ""))))) -> Implemented | F63: =IF(COUNTIF(IA!J23:J23,"Not Applicable")>0,"Not Applicable", IF(COUNTIF(IA!J23:J23,"NOT MET")>0,"NOT MET", IF(COUNTIF(IA!J23:J23,"Partially MET")>0,"Partially MET", IF(COUNTIF(IA!J23:J23,"MET")>0,"MET", "")))) -> MET | G63: 1 | H63: 1
A64: IA | B64: IA.L2-3.5.10 | C64: 2 | D64: Cryptographically-Protected Passwords | E64: =IF(COUNTIF(IA!I24:I25,"Not Selected")>0,"Not Selected", IF(COUNTIF(IA!I24:I25,"Planned")>0,"Planned", IF(COUNTIF(IA!I24:I25,"Inherited")>0,"Inherited", IF(COUNTIF(IA!I24:I25,"Partially Implemented")>0,"Partially Implemented", IF(COUNTIF(IA!I24:I25,"Implemented")>0,"Implemented", ""))))) -> Implemented | F64: =IF(COUNTIF(IA!J24:J25,"Not Applicable")>0,"Not Applicable", IF(COUNTIF(IA!J24:J25,"NOT MET")>0,"NOT MET", IF(COUNTIF(IA!J24:J25,"Partially MET")>0,"Partially MET", IF(COUNTIF(IA!J24:J25,"MET")>0,"MET", "")))) -> MET | G64: 1 | H64: 5
A65: IA | B65: IA.L2-3.5.11 | C65: 2 | D65: Obscure Feedback | E65: =IF(COUNTIF(IA!I26:I26,"Not Selected")>0,"Not Selected", IF(COUNTIF(IA!I26:I26,"Planned")>0,"Planned", IF(COUNTIF(IA!I26:I26,"Inherited")>0,"Inherited", IF(COUNTIF(IA!I26:I26,"Partially Implemented")>0,"Partially Implemented", IF(COUNTIF(IA!I26:I26,"Implemented")>0,"Implemented", ""))))) -> Implemented | F65: =IF(COUNTIF(IA!J26:J26,"Not Applicable")>0,"Not Applicable", IF(COUNTIF(IA!J26:J26,"NOT MET")>0,"NOT MET", IF(COUNTIF(IA!J26:J26,"Partially MET")>0,"Partially MET", IF(COUNTIF(IA!J26:J26,"MET")>0,"MET", "")))) -> MET | G65: 1 | H65: 1
D66: Incident Response (IR)
A67: IR | B67: IR.L2-3.6.1 | C67: 2 | D67: Incident Handling | E67: =IF(COUNTIF(IR!I2:I8,"Not Selected")>0,"Not Selected", IF(COUNTIF(IR!I2:I8,"Planned")>0,"Planned", IF(COUNTIF(IR!I2:I8,"Inherited")>0,"Inherited", IF(COUNTIF(IR!I2:I8,"Partially Implemented")>0,"Partially Implemented", IF(COUNTIF(IR!I2:I8,"Implemented")>0,"Implemented", ""))))) -> Implemented | F67: =IF(COUNTIF(IR!J2:J8,"Not Applicable")>0,"Not Applicable", IF(COUNTIF(IR!J2:J8,"NOT MET")>0,"NOT MET", IF(COUNTIF(IR!J2:J8,"Partially MET")>0,"Partially MET", IF(COUNTIF(IR!J2:J8,"MET")>0,"MET", "")))) -> MET | G67: 1 | H67: 5
A68: IR | B68: IR.L2-3.6.2 | C68: 2 | D68: Incident Reporting | E68: =IF(COUNTIF(IR!I9:I14,"Not Selected")>0,"Not Selected", IF(COUNTIF(IR!I9:I14,"Planned")>0,"Planned", IF(COUNTIF(IR!I9:I14,"Inherited")>0,"Inherited", IF(COUNTIF(IR!I9:I14,"Partially Implemented")>0,"Partially Implemented", IF(COUNTIF(IR!I9:I14,"Implemented")>0,"Implemented", ""))))) -> Implemented | F68: =IF(COUNTIF(IR!J9:J14,"Not Applicable")>0,"Not Applicable", IF(COUNTIF(IR!J9:J14,"NOT MET")>0,"NOT MET", IF(COUNTIF(IR!J9:J14,"Partially MET")>0,"Partially MET", IF(COUNTIF(IR!J9:J14,"MET")>0,"MET", "")))) -> MET | G68: 1 | H68: 5
A69: IR | B69: IR.L2-3.6.3 | C69: 2 | D69: Incident Response Testing | E69: =IF(COUNTIF(IR!I15:I15,"Not Selected")>0,"Not Selected", IF(COUNTIF(IR!I15:I15,"Planned")>0,"Planned", IF(COUNTIF(IR!I15:I15,"Inherited")>0,"Inherited", IF(COUNTIF(IR!I15:I15,"Partially Implemented")>0,"Partially Implemented", IF(COUNTIF(IR!I15:I15,"Implemented")>0,"Implemented", ""))))) -> Implemented | F69: =IF(COUNTIF(IR!J15:J15,"Not Applicable")>0,"Not Applicable", IF(COUNTIF(IR!J15:J15,"NOT MET")>0,"NOT MET", IF(COUNTIF(IR!J15:J15,"Partially MET")>0,"Partially MET", IF(COUNTIF(IR!J15:J15,"MET")>0,"MET", "")))) -> MET | G69: 1 | H69: 1
D70: Maintenance (MA)
A71: MA | B71: MA.L2-3.7.1 | C71: 2 | D71: Perform Maintenance | E71: =IF(COUNTIF(MA!I2:I2,"Not Selected")>0,"Not Selected", IF(COUNTIF(MA!I2:I2,"Planned")>0,"Planned", IF(COUNTIF(MA!I2:I2,"Inherited")>0,"Inherited", IF(COUNTIF(MA!I2:I2,"Partially Implemented")>0,"Partially Implemented", IF(COUNTIF(MA!I2:I2,"Implemented")>0,"Implemented", ""))))) -> Inherited | F71: =IF(COUNTIF(MA!J2:J2,"Not Applicable")>0,"Not Applicable", IF(COUNTIF(MA!J2:J2,"NOT MET")>0,"NOT MET", IF(COUNTIF(MA!J2:J2,"Partially MET")>0,"Partially MET", IF(COUNTIF(MA!J2:J2,"MET")>0,"MET", "")))) -> MET | G71: 1 | H71: 3
A72: MA | B72: MA.L2-3.7.2 | C72: 2 | D72: System Maintenance Control | E72: =IF(COUNTIF(MA!I3:I6,"Not Selected")>0,"Not Selected", IF(COUNTIF(MA!I3:I6,"Planned")>0,"Planned", IF(COUNTIF(MA!I3:I6,"Inherited")>0,"Inherited", IF(COUNTIF(MA!I3:I6,"Partially Implemented")>0,"Partially Implemented", IF(COUNTIF(MA!I3:I6,"Implemented")>0,"Implemented", ""))))) -> Inherited | F72: =IF(COUNTIF(MA!J3:J6,"Not Applicable")>0,"Not Applicable", IF(COUNTIF(MA!J3:J6,"NOT MET")>0,"NOT MET", IF(COUNTIF(MA!J3:J6,"Partially MET")>0,"Partially MET", IF(COUNTIF(MA!J3:J6,"MET")>0,"MET", "")))) -> MET | G72: 1 | H72: 5
A73: MA | B73: MA.L2-3.7.3 | C73: 2 | D73: Equipment Sanitization | E73: =IF(COUNTIF(MA!I7:I7,"Not Selected")>0,"Not Selected", IF(COUNTIF(MA!I7:I7,"Planned")>0,"Planned", IF(COUNTIF(MA!I7:I7,"Inherited")>0,"Inherited", IF(COUNTIF(MA!I7:I7,"Partially Implemented")>0,"Partially Implemented", IF(COUNTIF(MA!I7:I7,"Implemented")>0,"Implemented", ""))))) -> Inherited | F73: =IF(COUNTIF(MA!J7:J7,"Not Applicable")>0,"Not Applicable", IF(COUNTIF(MA!J7:J7,"NOT MET")>0,"NOT MET", IF(COUNTIF(MA!J7:J7,"Partially MET")>0,"Partially MET", IF(COUNTIF(MA!J7:J7,"MET")>0,"MET", "")))) -> MET | G73: 1 | H73: 1
A74: MA | B74: MA.L2-3.7.4 | C74: 2 | D74: Media Inspection | E74: =IF(COUNTIF(MA!I8:I8,"Not Selected")>0,"Not Selected", IF(COUNTIF(MA!I8:I8,"Planned")>0,"Planned", IF(COUNTIF(MA!I8:I8,"Inherited")>0,"Inherited", IF(COUNTIF(MA!I8:I8,"Partially Implemented")>0,"Partially Implemented", IF(COUNTIF(MA!I8:I8,"Implemented")>0,"Implemented", ""))))) -> Inherited | F74: =IF(COUNTIF(MA!J8:J8,"Not Applicable")>0,"Not Applicable", IF(COUNTIF(MA!J8:J8,"NOT MET")>0,"NOT MET", IF(COUNTIF(MA!J8:J8,"Partially MET")>0,"Partially MET", IF(COUNTIF(MA!J8:J8,"MET")>0,"MET", "")))) -> MET | G74: 1 | H74: 3
A75: MA | B75: MA.L2-3.7.5 | C75: 2 | D75: Nonlocal Maintenance | E75: =IF(COUNTIF(MA!I9:I10,"Not Selected")>0,"Not Selected", IF(COUNTIF(MA!I9:I10,"Planned")>0,"Planned", IF(COUNTIF(MA!I9:I10,"Inherited")>0,"Inherited", IF(COUNTIF(MA!I9:I10,"Partially Implemented")>0,"Partially Implemented", IF(COUNTIF(MA!I9:I10,"Implemented")>0,"Implemented", ""))))) -> Inherited | F75: =IF(COUNTIF(MA!J9:J10,"Not Applicable")>0,"Not Applicable", IF(COUNTIF(MA!J9:J10,"NOT MET")>0,"NOT MET", IF(COUNTIF(MA!J9:J10,"Partially MET")>0,"Partially MET", IF(COUNTIF(MA!J9:J10,"MET")>0,"MET", "")))) -> MET | G75: 1 | H75: 5
A76: MA | B76: MA.L2-3.7.6 | C76: 2 | D76: Maintenance Personnel | E76: =IF(COUNTIF(MA!I11:I11,"Not Selected")>0,"Not Selected", IF(COUNTIF(MA!I11:I11,"Planned")>0,"Planned", IF(COUNTIF(MA!I11:I11,"Inherited")>0,"Inherited", IF(COUNTIF(MA!I11:I11,"Partially Implemented")>0,"Partially Implemented", IF(COUNTIF(MA!I11:I11,"Implemented")>0,"Implemented", ""))))) -> Inherited | F76: =IF(COUNTIF(MA!J11:J11,"Not Applicable")>0,"Not Applicable", IF(COUNTIF(MA!J11:J11,"NOT MET")>0,"NOT MET", IF(COUNTIF(MA!J11:J11,"Partially MET")>0,"Partially MET", IF(COUNTIF(MA!J11:J11,"MET")>0,"MET", "")))) -> MET | G76: 1 | H76: 1
D77: Media Protection (MP)
A78: MP | B78: MP.L2-3.8.1 | C78: 2 | D78: Media Protection | E78: =IF(COUNTIF(MP!I2:I5,"Not Selected")>0,"Not Selected", IF(COUNTIF(MP!I2:I5,"Planned")>0,"Planned", IF(COUNTIF(MP!I2:I5,"Inherited")>0,"Inherited", IF(COUNTIF(MP!I2:I5,"Partially Implemented")>0,"Partially Implemented", IF(COUNTIF(MP!I2:I5,"Implemented")>0,"Implemented", ""))))) -> Inherited | F78: =IF(COUNTIF(MP!J2:J5,"Not Applicable")>0,"Not Applicable", IF(COUNTIF(MP!J2:J5,"NOT MET")>0,"NOT MET", IF(COUNTIF(MP!J2:J5,"Partially MET")>0,"Partially MET", IF(COUNTIF(MP!J2:J5,"MET")>0,"MET", "")))) -> MET | G78: 1 | H78: 3
A79: MP | B79: MP.L2-3.8.2 | C79: 2 | D79: Media Access | E79: =IF(COUNTIF(MP!I6:I6,"Not Selected")>0,"Not Selected", IF(COUNTIF(MP!I6:I6,"Planned")>0,"Planned", IF(COUNTIF(MP!I6:I6,"Inherited")>0,"Inherited", IF(COUNTIF(MP!I6:I6,"Partially Implemented")>0,"Partially Implemented", IF(COUNTIF(MP!I6:I6,"Implemented")>0,"Implemented", ""))))) -> Inherited | F79: =IF(COUNTIF(MP!J6:J6,"Not Applicable")>0,"Not Applicable", IF(COUNTIF(MP!J6:J6,"NOT MET")>0,"NOT MET", IF(COUNTIF(MP!J6:J6,"Partially MET")>0,"Partially MET", IF(COUNTIF(MP!J6:J6,"MET")>0,"MET", "")))) -> MET | G79: 1 | H79: 3
A80: MP | B80: MP.L1-3.8.3 | C80: 1 | D80: Media Disposal | E80: =IF(COUNTIF(MP!I7:I8,"Not Selected")>0,"Not Selected", IF(COUNTIF(MP!I7:I8,"Planned")>0,"Planned", IF(COUNTIF(MP!I7:I8,"Inherited")>0,"Inherited", IF(COUNTIF(MP!I7:I8,"Partially Implemented")>0,"Partially Implemented", IF(COUNTIF(MP!I7:I8,"Implemented")>0,"Implemented", ""))))) -> Inherited | F80: =IF(COUNTIF(MP!J7:J8,"Not Applicable")>0,"Not Applicable", IF(COUNTIF(MP!J7:J8,"NOT MET")>0,"NOT MET", IF(COUNTIF(MP!J7:J8,"Partially MET")>0,"Partially MET", IF(COUNTIF(MP!J7:J8,"MET")>0,"MET", "")))) -> MET | G80: 1 | H80: 5
A81: MP | B81: MP.L2-3.8.4 | C81: 2 | D81: Media Markings | E81: =IF(COUNTIF(MP!I9:I10,"Not Selected")>0,"Not Selected", IF(COUNTIF(MP!I9:I10,"Planned")>0,"Planned", IF(COUNTIF(MP!I9:I10,"Inherited")>0,"Inherited", IF(COUNTIF(MP!I9:I10,"Partially Implemented")>0,"Partially Implemented", IF(COUNTIF(MP!I9:I10,"Implemented")>0,"Implemented", ""))))) -> Inherited | F81: =IF(COUNTIF(MP!J9:J10,"Not Applicable")>0,"Not Applicable", IF(COUNTIF(MP!J9:J10,"NOT MET")>0,"NOT MET", IF(COUNTIF(MP!J9:J10,"Partially MET")>0,"Partially MET", IF(COUNTIF(MP!J9:J10,"MET")>0,"MET", "")))) -> MET | G81: 1 | H81: 1
A82: MP | B82: MP.L2-3.8.5 | C82: 2 | D82: Media Accountability | E82: =IF(COUNTIF(MP!I11:I12,"Not Selected")>0,"Not Selected", IF(COUNTIF(MP!I11:I12,"Planned")>0,"Planned", IF(COUNTIF(MP!I11:I12,"Inherited")>0,"Inherited", IF(COUNTIF(MP!I11:I12,"Partially Implemented")>0,"Partially Implemented", IF(COUNTIF(MP!I11:I12,"Implemented")>0,"Implemented", ""))))) -> Inherited | F82: =IF(COUNTIF(MP!J11:J12,"Not Applicable")>0,"Not Applicable", IF(COUNTIF(MP!J11:J12,"NOT MET")>0,"NOT MET", IF(COUNTIF(MP!J11:J12,"Partially MET")>0,"Partially MET", IF(COUNTIF(MP!J11:J12,"MET")>0,"MET", "")))) -> MET | G82: 1 | H82: 1
A83: MP | B83: MP.L2-3.8.6 | C83: 2 | D83: Portable Storage Encryption | E83: =IF(COUNTIF(MP!I13:I13,"Not Selected")>0,"Not Selected", IF(COUNTIF(MP!I13:I13,"Planned")>0,"Planned", IF(COUNTIF(MP!I13:I13,"Inherited")>0,"Inherited", IF(COUNTIF(MP!I13:I13,"Partially Implemented")>0,"Partially Implemented", IF(COUNTIF(MP!I13:I13,"Implemented")>0,"Implemented", ""))))) -> Inherited | F83: =IF(COUNTIF(MP!J13:J13,"Not Applicable")>0,"Not Applicable", IF(COUNTIF(MP!J13:J13,"NOT MET")>0,"NOT MET", IF(COUNTIF(MP!J13:J13,"Partially MET")>0,"Partially MET", IF(COUNTIF(MP!J13:J13,"MET")>0,"MET", "")))) -> MET | G83: 1 | H83: 1
A84: MP | B84: MP.L2-3.8.7 | C84: 2 | D84: Removeable Media | E84: =IF(COUNTIF(MP!I14:I14,"Not Selected")>0,"Not Selected", IF(COUNTIF(MP!I14:I14,"Planned")>0,"Planned", IF(COUNTIF(MP!I14:I14,"Inherited")>0,"Inherited", IF(COUNTIF(MP!I14:I14,"Partially Implemented")>0,"Partially Implemented", IF(COUNTIF(MP!I14:I14,"Implemented")>0,"Implemented", ""))))) -> Inherited | F84: =IF(COUNTIF(MP!J14:J14,"Not Applicable")>0,"Not Applicable", IF(COUNTIF(MP!J14:J14,"NOT MET")>0,"NOT MET", IF(COUNTIF(MP!J14:J14,"Partially MET")>0,"Partially MET", IF(COUNTIF(MP!J14:J14,"MET")>0,"MET", "")))) -> MET | G84: 1 | H84: 5
A85: MP | B85: MP.L2-3.8.8 | C85: 2 | D85: Shared Media | E85: =IF(COUNTIF(MP!I15:I15,"Not Selected")>0,"Not Selected", IF(COUNTIF(MP!I15:I15,"Planned")>0,"Planned", IF(COUNTIF(MP!I15:I15,"Inherited")>0,"Inherited", IF(COUNTIF(MP!I15:I15,"Partially Implemented")>0,"Partially Implemented", IF(COUNTIF(MP!I15:I15,"Implemented")>0,"Implemented", ""))))) -> Inherited | F85: =IF(COUNTIF(MP!J15:J15,"Not Applicable")>0,"Not Applicable", IF(COUNTIF(MP!J15:J15,"NOT MET")>0,"NOT MET", IF(COUNTIF(MP!J15:J15,"Partially MET")>0,"Partially MET", IF(COUNTIF(MP!J15:J15,"MET")>0,"MET", "")))) -> MET | G85: 1 | H85: 3
A86: MP | B86: MP.L2-3.8.9 | C86: 2 | D86: Protect Backups | E86: =IF(COUNTIF(MP!I16:I16,"Not Selected")>0,"Not Selected", IF(COUNTIF(MP!I16:I16,"Planned")>0,"Planned", IF(COUNTIF(MP!I16:I16,"Inherited")>0,"Inherited", IF(COUNTIF(MP!I16:I16,"Partially Implemented")>0,"Partially Implemented", IF(COUNTIF(MP!I16:I16,"Implemented")>0,"Implemented", ""))))) -> Inherited | F86: =IF(COUNTIF(MP!J16:J16,"Not Applicable")>0,"Not Applicable", IF(COUNTIF(MP!J16:J16,"NOT MET")>0,"NOT MET", IF(COUNTIF(MP!J16:J16,"Partially MET")>0,"Partially MET", IF(COUNTIF(MP!J16:J16,"MET")>0,"MET", "")))) -> MET | G86: 1 | H86: 1
D87: Physical and Environmental Protection (PE)
A88: PE | B88: PE.L1-3.10.1 | C88: 1 | D88: Limit Physical Access | E88: =IF(COUNTIF(PE!I2:I5,"Not Selected")>0,"Not Selected", IF(COUNTIF(PE!I2:I5,"Planned")>0,"Planned", IF(COUNTIF(PE!I2:I5,"Inherited")>0,"Inherited", IF(COUNTIF(PE!I2:I5,"Partially Implemented")>0,"Partially Implemented", IF(COUNTIF(PE!I2:I5,"Implemented")>0,"Implemented", ""))))) -> Inherited | F88: =IF(COUNTIF(PE!J2:J5,"Not Applicable")>0,"Not Applicable", IF(COUNTIF(PE!J2:J5,"NOT MET")>0,"NOT MET", IF(COUNTIF(PE!J2:J5,"Partially MET")>0,"Partially MET", IF(COUNTIF(PE!J2:J5,"MET")>0,"MET", "")))) -> MET | G88: 1 | H88: 5
A89: PE | B89: PE.L2-3.10.2 | C89: 2 | D89: Monitor Facility | E89: =IF(COUNTIF(PE!I6:I9,"Not Selected")>0,"Not Selected", IF(COUNTIF(PE!I6:I9,"Planned")>0,"Planned", IF(COUNTIF(PE!I6:I9,"Inherited")>0,"Inherited", IF(COUNTIF(PE!I6:I9,"Partially Implemented")>0,"Partially Implemented", IF(COUNTIF(PE!I6:I9,"Implemented")>0,"Implemented", ""))))) -> Inherited | F89: =IF(COUNTIF(PE!J6:J9,"Not Applicable")>0,"Not Applicable", IF(COUNTIF(PE!J6:J9,"NOT MET")>0,"NOT MET", IF(COUNTIF(PE!J6:J9,"Partially MET")>0,"Partially MET", IF(COUNTIF(PE!J6:J9,"MET")>0,"MET", "")))) -> MET | G89: 1 | H89: 5
A90: PE | B90: PE.L1-3.10.3 | C90: 1 | D90: Escort Visitors | E90: =IF(COUNTIF(PE!I10:I11,"Not Selected")>0,"Not Selected", IF(COUNTIF(PE!I10:I11,"Planned")>0,"Planned", IF(COUNTIF(PE!I10:I11,"Inherited")>0,"Inherited", IF(COUNTIF(PE!I10:I11,"Partially Implemented")>0,"Partially Implemented", IF(COUNTIF(PE!I10:I11,"Implemented")>0,"Implemented", ""))))) -> Inherited | F90: =IF(COUNTIF(PE!J10:J11,"Not Applicable")>0,"Not Applicable", IF(COUNTIF(PE!J10:J11,"NOT MET")>0,"NOT MET", IF(COUNTIF(PE!J10:J11,"Partially MET")>0,"Partially MET", IF(COUNTIF(PE!J10:J11,"MET")>0,"MET", "")))) -> MET | G90: 1 | H90: 1
A91: PE | B91: PE.L1-3.10.4 | C91: 1 | D91: Physical Access Logs | E91: =IF(COUNTIF(PE!I12:I12,"Not Selected")>0,"Not Selected", IF(COUNTIF(PE!I12:I12,"Planned")>0,"Planned", IF(COUNTIF(PE!I12:I12,"Inherited")>0,"Inherited", IF(COUNTIF(PE!I12:I12,"Partially Implemented")>0,"Partially Implemented", IF(COUNTIF(PE!I12:I12,"Implemented")>0,"Implemented", ""))))) -> Inherited | F91: =IF(COUNTIF(PE!J12:J12,"Not Applicable")>0,"Not Applicable", IF(COUNTIF(PE!J12:J12,"NOT MET")>0,"NOT MET", IF(COUNTIF(PE!J12:J12,"Partially MET")>0,"Partially MET", IF(COUNTIF(PE!J12:J12,"MET")>0,"MET", "")))) -> MET | G91: 1 | H91: 1
A92: PE | B92: PE.L1-3.10.5 | C92: 1 | D92: Manage Physical Access | E92: =IF(COUNTIF(PE!I13:I15,"Not Selected")>0,"Not Selected", IF(COUNTIF(PE!I13:I15,"Planned")>0,"Planned", IF(COUNTIF(PE!I13:I15,"Inherited")>0,"Inherited", IF(COUNTIF(PE!I13:I15,"Partially Implemented")>0,"Partially Implemented", IF(COUNTIF(PE!I13:I15,"Implemented")>0,"Implemented", ""))))) -> Inherited | F92: =IF(COUNTIF(PE!J13:J15,"Not Applicable")>0,"Not Applicable", IF(COUNTIF(PE!J13:J15,"NOT MET")>0,"NOT MET", IF(COUNTIF(PE!J13:J15,"Partially MET")>0,"Partially MET", IF(COUNTIF(PE!J13:J15,"MET")>0,"MET", "")))) -> MET | G92: 1 | H92: 1
A93: PE | B93: PE.L2-3.10.6 | C93: 2 | D93: Alternative Work Sites | E93: =IF(COUNTIF(PE!I16:I17,"Not Selected")>0,"Not Selected", IF(COUNTIF(PE!I16:I17,"Planned")>0,"Planned", IF(COUNTIF(PE!I16:I17,"Inherited")>0,"Inherited", IF(COUNTIF(PE!I16:I17,"Partially Implemented")>0,"Partially Implemented", IF(COUNTIF(PE!I16:I17,"Implemented")>0,"Implemented", ""))))) -> Inherited | F93: =IF(COUNTIF(PE!J16:J17,"Not Applicable")>0,"Not Applicable", IF(COUNTIF(PE!J16:J17,"NOT MET")>0,"NOT MET", IF(COUNTIF(PE!J16:J17,"Partially MET")>0,"Partially MET", IF(COUNTIF(PE!J16:J17,"MET")>0,"MET", "")))) -> MET | G93: 1 | H93: 1
D94: Personnel Security (PS)
A95: PS | B95: PS.L2-3.9.1 | C95: 2 | D95: Screen Individuals | E95: =IF(COUNTIF(PS!I2:I2,"Not Selected")>0,"Not Selected", IF(COUNTIF(PS!I2:I2,"Planned")>0,"Planned", IF(COUNTIF(PS!I2:I2,"Inherited")>0,"Inherited", IF(COUNTIF(PS!I2:I2,"Partially Implemented")>0,"Partially Implemented", IF(COUNTIF(PS!I2:I2,"Implemented")>0,"Implemented", ""))))) -> Implemented | F95: =IF(COUNTIF(PS!J2:J2,"Not Applicable")>0,"Not Applicable", IF(COUNTIF(PS!J2:J2,"NOT MET")>0,"NOT MET", IF(COUNTIF(PS!J2:J2,"Partially MET")>0,"Partially MET", IF(COUNTIF(PS!J2:J2,"MET")>0,"MET", "")))) -> MET | G95: 1 | H95: 3
A96: PS | B96: PS.L2-3.9.2 | C96: 2 | D96: Personnel Actions | E96: =IF(COUNTIF(PS!I3:I5,"Not Selected")>0,"Not Selected", IF(COUNTIF(PS!I3:I5,"Planned")>0,"Planned", IF(COUNTIF(PS!I3:I5,"Inherited")>0,"Inherited", IF(COUNTIF(PS!I3:I5,"Partially Implemented")>0,"Partially Implemented", IF(COUNTIF(PS!I3:I5,"Implemented")>0,"Implemented", ""))))) -> Implemented | F96: =IF(COUNTIF(PS!J3:J5,"Not Applicable")>0,"Not Applicable", IF(COUNTIF(PS!J3:J5,"NOT MET")>0,"NOT MET", IF(COUNTIF(PS!J3:J5,"Partially MET")>0,"Partially MET", IF(COUNTIF(PS!J3:J5,"MET")>0,"MET", "")))) -> MET | G96: 1 | H96: 5
D97: Risk Assessment (RA)
A98: RA | B98: RA.L2-3.11.1 | C98: 2 | D98: Risk Assessments | E98: =IF(COUNTIF(RA!I2:I3,"Not Selected")>0,"Not Selected", IF(COUNTIF(RA!I2:I3,"Planned")>0,"Planned", IF(COUNTIF(RA!I2:I3,"Inherited")>0,"Inherited", IF(COUNTIF(RA!I2:I3,"Partially Implemented")>0,"Partially Implemented", IF(COUNTIF(RA!I2:I3,"Implemented")>0,"Implemented", ""))))) -> Implemented | F98: =IF(COUNTIF(RA!J2:J3,"Not Applicable")>0,"Not Applicable", IF(COUNTIF(RA!J2:J3,"NOT MET")>0,"NOT MET", IF(COUNTIF(RA!J2:J3,"Partially MET")>0,"Partially MET", IF(COUNTIF(RA!J2:J3,"MET")>0,"MET", "")))) -> MET | G98: 1 | H98: 3
A99: RA | B99: RA.L2-3.11.2 | C99: 2 | D99: Vulnerability Scan | E99: =IF(COUNTIF(RA!I4:I8,"Not Selected")>0,"Not Selected", IF(COUNTIF(RA!I4:I8,"Planned")>0,"Planned", IF(COUNTIF(RA!I4:I8,"Inherited")>0,"Inherited", IF(COUNTIF(RA!I4:I8,"Partially Implemented")>0,"Partially Implemented", IF(COUNTIF(RA!I4:I8,"Implemented")>0,"Implemented", ""))))) -> Implemented | F99: =IF(COUNTIF(RA!J4:J8,"Not Applicable")>0,"Not Applicable", IF(COUNTIF(RA!J4:J8,"NOT MET")>0,"NOT MET", IF(COUNTIF(RA!J4:J8,"Partially MET")>0,"Partially MET", IF(COUNTIF(RA!J4:J8,"MET")>0,"MET", "")))) -> MET | G99: 1 | H99: 5
A100: RA | B100: RA.L2-3.11.3 | C100: 2 | D100: Vulnerability Remediation | E100: =IF(COUNTIF(RA!I9:I10,"Not Selected")>0,"Not Selected", IF(COUNTIF(RA!I9:I10,"Planned")>0,"Planned", IF(COUNTIF(RA!I9:I10,"Inherited")>0,"Inherited", IF(COUNTIF(RA!I9:I10,"Partially Implemented")>0,"Partially Implemented", IF(COUNTIF(RA!I9:I10,"Implemented")>0,"Implemented", ""))))) -> Implemented | F100: =IF(COUNTIF(RA!J9:J10,"Not Applicable")>0,"Not Applicable", IF(COUNTIF(RA!J9:J10,"NOT MET")>0,"NOT MET", IF(COUNTIF(RA!J9:J10,"Partially MET")>0,"Partially MET", IF(COUNTIF(RA!J9:J10,"MET")>0,"MET", "")))) -> MET | G100: 1 | H100: 1
...

Sheet AC
A1: Practice Name | B1: Practice ID | C1: Procedure ID | D1: Assessment Objective/Determine if: | E1: EXAMINE | F1: INTERVIEW | G1: TEST | H1: Observation Statement | I1: Implementation Status | J1: Assessment Result | K1: Evidence/Artifacts
A2: Authorized Access Control | B2: AC.L1-3.1.1 | C2: 3.1.1 [a] | D2: authorized users are identified. | E2: Examine: [SELECT FROM: Access control policy; procedures addressing account management; system security plan; system design documentation; system configuration settings and associated documentation; list of active system accounts and the name of the individual associated with each account; notifications or records of recently transferred, separated, or terminated employees; list of conditions for group and role membership; list of recently disabled system accounts along with the name of the individual associated with each account; access authorization records; account management compliance reviews; system monitoring records; system audit logs and records; list of devices and systems authorized to connect to organizational systems; other relevant documents or records]. | F2: Interview: [SELECT FROM: Personnel with account management responsibilities; system or network administrators; personnel with information security responsibilities]. | G2: Test: [SELECT FROM: Organizational processes for managing system accounts; mechanisms for implementing account management]. | H2: 11/06/2025: Assurit Cyber Handbook defines the company's requirement for uniquely identifying users, processes, and devices. Users are identified via their unique MS Entra ID account which is provisioned and assigned by Assurit. A unique local AVD admin account is assigned to the company's System Administrator (assurit-bg). | I2: Implemented | J2: MET | K2: APIS_SSP_v1.1-10-31-2025.docx Assurit_Cyber_Handbook_v2.1-09-08-2025.docx AC.L1-3.1.1a-11-06-2025.png
B3: AC.L1-3.1.1 | C3: 3.1.1 [b] | D3: processes acting on behalf of authorized users are identified. | H3: 11/06/2025: Service groups/accounts are uniquely identified by their group name and/or UPN. | I3: Implemented | J3: MET | K3: APIS_SSP_v1.1-10-31-2025.docx AC.L1-3.1.1b1-11-06-2025.png AC.L1-3.1.1b2-11-06-2025.png
B4: AC.L1-3.1.1 | C4: 3.1.1 [c] | D4: devices (and other systems) authorized to connect to the system are identified. | H4: 11/06/2025: AVD are assigned a unique hostname and primary user. | I4: Implemented | J4: MET | K4: APIS_SSP_v1.1-10-31-2025.docx AC.L1-3.1.1c1-11-06-2025.png AC.L1-3.1.1c2-11-06-2025.png
B5: AC.L1-3.1.1 | C5: 3.1.1 [d] | D5: system access is limited to authorized users. | H5: 11/06/2025: APIS Admin Portals are restricted to select authorized users. M365 services and AVD is restricted to authorized users and groups only. This is configured through conditional access policies. | I5: Implemented | J5: MET | K5: APIS_SSP_v1.1-10-31-2025.docx AC.L1-3.1.1d1-11-06-2025.png AC.L1-3.1.1d2-11-06-2025.png
B6: AC.L1-3.1.1 | C6: 3.1.1 [e] | D6: system access is limited to processes acting on behalf of authorized users. | H6: 11/06/2025: Access to service groups/accounts are restricted to authorized users only. | I6: Implemented | J6: MET | K6: APIS_SSP_v1.1-10-31-2025.docx AC.L1-3.1.1e-11-06-2025.png
B7: AC.L1-3.1.1 | C7: 3.1.1 [f] | D7: system access is limited to authorized devices (including other systems). | H7: 11/06/2025: Access to APIS AVD is restricted to authorized users and trusted locations only configured through Azure conditional access policies. | I7: Implemented | J7: MET | K7: APIS_SSP_v1.1-10-31-2025.docx AC.L1-3.1.1f1-11-06-2025.png AC.L1-3.1.1f2-11-06-2025.png
A8: Transaction & Function Control | B8: AC.L1-3.1.2 | C8: 3.1.2 [a] | D8: the types of transactions and functions that authorized users are permitted to execute are defined. | E8: Examine: [SELECT FROM: Access control policy; procedures addressing access enforcement; system security plan; system design documentation; list of approved authorizations including remote access authorizations; system audit logs and records; system configuration settings and associated documentation; other relevant documents or records]. | F8: Interview: [SELECT FROM: Personnel with access enforcement responsibilities; system or network administrators; personnel with information security responsibilities; system developers]. | G8: Test: [SELECT FROM: Mechanisms implementing access control policy]. | H8: 11/06/2025: Assurit Cyber Handbook defines the company's requirement for authorized system functions and acceptable use. The SSP defines M365 services and Administrative Consoles/Portals as authorized functions. | I8: Implemented | J8: MET | K8: APIS_SSP_v1.1-10-31-2025.docx Assurit_Cyber_Handbook_v2.1-09-08-2025.docx
B9: AC.L1-3.1.2 | C9: 3.1.2 [b] | D9: system access is limited to the defined types of transactions and functions for authorized users. | H9: 11/06/2025: Access to defined functions are restricted by Azure groups and conditional access policies. | I9: Implemented | J9: MET | K9: APIS_SSP_v1.1-10-31-2025.docx AC.L1-3.1.2b-11-06-2025.png
A10: Control CUI Flow | B10: AC.L2-3.1.3 | C10: 3.1.3 [a] | D10: information flow control policies are defined. | E10: Examine: [SELECT FROM: Access control policy; information flow control policies; procedures addressing information flow enforcement; system security plan; system design documentation; system configuration settings and associated documentation; list of information flow authorizations; system baseline configuration; system audit logs and records; other relevant documents or records]. | F10: Interview: [SELECT FROM: System or network administrators; personnel with information security responsibilities; system developers]. | G10: Test: [SELECT FROM: Mechanisms implementing information flow enforcement policy]. | H10: 11/06/2025: Assurit Cyber Handbook defines the company's CUI Information Flow policy and requirements. | I10: Implemented | J10: MET | K10: APIS_SSP_v1.1-10-31-2025.docx Assurit_Cyber_Handbook_v2.1-09-08-2025.docx
B11: AC.L2-3.1.3 | C11: 3.1.3 [b] | D11: methods and enforcement mechanisms for controlling the flow of CUI are defined. | H11: 11/06/2025: SSP defines GCC High M365 services (OneDrive, Exchange, SharePoint) for storing, processing, and or transmitting CUI data. In addition, Assurit's M365 services can only be accessed from AVD and whitelist locations. | I11: Implemented | J11: MET | K11: APIS_SSP_v1.1-10-31-2025.docx
B12: AC.L2-3.1.3 | C12: 3.1.3 [c] | D12: designated sources and destinations (e.g., networks, individuals, and devices) for CUI within the system and between interconnected systems are identified. | H12: 11/06/2025: SSP defines GCC High M365 services (OneDrive, Exchange, SharePoint) for storing, processing, and or transmitting CUI data. In addition, Assurit's M365 services can only be accessed from AVD and whitelist locations. | I12: Implemented | J12: MET | K12: APIS_SSP_v1.1-10-31-2025.docx
B13: AC.L2-3.1.3 | C13: 3.1.3 [d] | D13: authorizations for controlling the flow of CUI are defined. | H13: 11/06/2025: Authorizations for controlling CUI flow is defined for ingress/egress into Assurit's M365 services which can only be access from APIS AVDs. Purview policies are enabled to provide sensitivity labels for incoming messages. Exchange rules are enabled to ensure that all outgoing email must be approved by an Assurit System Administrator before sending. | I13: Implemented | J13: MET | K13: APIS_SSP_v1.1-10-31-2025.docx AC.L1-3.1.3d1-11-06-2025.png AC.L1-3.1.3d2-11-06-2025.png AC.L1-3.1.3d3-11-06-2025.png AC.L1-3.1.3d4-11-06-2025.png AC.L1-3.1.3d5-11-06-2025.png
B14: AC.L2-3.1.3 | C14: 3.1.3 [e] | D14: approved authorizations for controlling the flow of CUI are enforced. | H14: 11/06/2025: Purview policies are enabled to provide sensitivity labels for incoming messages and attachments. Exchange rules are enabled to ensure that all outgoing email must be approved by an Assurit System Administrator before sending. | I14: Implemented | J14: MET | K14: APIS_SSP_v1.1-10-31-2025.docx AC.L1-3.1.3d1-11-06-2025.png AC.L1-3.1.3d2-11-06-2025.png AC.L1-3.1.3d3-11-06-2025.png AC.L1-3.1.3d4-11-06-2025.png AC.L1-3.1.3d5-11-06-2025.png
A15: Separation of Duties | B15: AC.L2-3.1.4 | C15: 3.1.4 [a] | D15: the duties of individuals requiring separation are defined. | E15: Examine: [SELECT FROM: Access control policy; procedures addressing divisions of responsibility and separation of duties; system security plan; system configuration settings and associated documentation; list of divisions of responsibility and separation of duties; system access authorizations; system audit logs and records; other relevant documents or records]. | F15: Interview: [SELECT FROM: Personnel with responsibilities for defining divisions of responsibility and separation of duties; personnel with information security responsibilities; system or network administrators]. | G15: Test: [SELECT FROM: Mechanisms implementing separation of duties policy]. | H15: 11/06/2025: APIS roles and responsibilities are defined within the Assurit Cyber Handbook. Each role requiring separate responsibilities are thoroughly described and highlights any security-related responsibilities as it pertains to APIS and CUI. | I15: Implemented | J15: MET | K15: APIS_SSP_v1.1-10-31-2025.docx Assurit_Cyber_Handbook_v2.1-09-08-2025.docx
B16: AC.L2-3.1.4 | C16: 3.1.4 [b] | D16: responsibilities for duties that require separation are assigned to separate individuals. | H16: 11/06/2025: Assurit designates an Authorizing Official, System Owner, and System Administrator for APIS. Role designations and contact information are documented for each assigned role within the SSP. | I16: Implemented | J16: MET | K16: APIS_SSP_v1.1-10-31-2025.docx
B17: AC.L2-3.1.4 | C17: 3.1.4 [c] | D17: access privileges that enable individuals to exercise the duties that require separation are granted to separate individuals. | H17: 11/06/2025: Assurit assigns access privileges based on the user's APIS roles which are divided into 3 groups: -APIS-Admins (Privileged) -APIS-Users (Non-Privileged) -APIS Secure (SharePoint/OneDrive) Access/permissions are assigned for each group for APIS resources through conditional access policies and direct assignments. | I17: Implemented | J17: MET | K17: APIS_SSP_v1.1-10-31-2025.docx AC.L2-3.1.4c1-11-06-2025.png AC.L2-3.1.4c2-11-06-2025.png AC.L2-3.1.4c3-11-06-2025.png AC.L2-3.1.4c4-11-06-2025.png AC.L2-3.1.4c5-11-06-2025.png AC.L2-3.1.4c6-11-06-2025.png AC.L2-3.1.4c7-11-06-2025.png AC.L2-3.1.4c8-11-06-2025.png AC.L2-3.1.4c9-11-06-2025.png
A18: Least Privilege | B18: AC.L2-3.1.5 | C18: 3.1.5 [a] | D18: privileged accounts are identified. | E18: Examine: [SELECT FROM: Access control policy; procedures addressing account management; system security plan; system design documentation; system configuration settings and associated documentation; list of active system accounts and the name of the individual associated with each account; list of conditions for group and role membership; notifications or records of recently transferred, separated, or terminated employees; list of recently disabled system accounts along with the name of the individual associated with each account; access authorization records; account management compliance reviews; system monitoring/audit records; procedures addressing least privilege; list of security functions (deployed in hardware, software, and firmware) and security-relevant information for which access is to be explicitly authorized; list of system-generated privileged accounts; list of system administration personnel; other relevant documents or records]. | F18: Interview: [SELECT FROM: Personnel with account management responsibilities; system or network administrators; personnel with information security responsibilities; personnel with responsibilities for defining least privileges necessary to accomplish specified tasks]. | G18: Test: [SELECT FROM: Organizational processes for managing system accounts; mechanisms for implementing account management; mechanisms implementing least privilege functions; mechanisms prohibiting privileged access to the system]. | H18: 11/06/2025: Privileged groups, accounts, and purposes are defined within the SSP. | I18: Implemented | J18: MET | K18: APIS_SSP_v1.1-10-31-2025.docx Assurit_Cyber_Handbook_v2.1-09-08-2025.docx
B19: AC.L2-3.1.5 | C19: 3.1.5 [b] | D19: access to privileged accounts is authorized in accordance with the principle of least privilege. | H19: 11/06/2025: Provisioning and access to privileged accounts are authorized by Assurit's Authorizing Official and System Owner. | I19: Implemented | J19: MET | K19: APIS_SSP_v1.1-10-31-2025.docx Assurit_Cyber_Handbook_v2.1-09-08-2025.docx
B20: AC.L2-3.1.5 | C20: 3.1.5 [c] | D20: security functions are identified. | H20: 11/6/2025: Security-related functionality for APIS is defined within the SSP as environment configurations, virtual machine configurations, and M365 settings. | I20: Implemented | J20: MET | K20: APIS_SSP_v1.1-10-31-2025.docx Assurit_Cyber_Handbook_v2.1-09-08-2025.docx
B21: AC.L2-3.1.5 | C21: 3.1.5 [d] | D21: access to security functions is authorized in accordance with the principle of least privilege. | H21: 11/06/2025: Provisioning and access to security functions are authorized by Assurit's Authorizing Official and System Owner. | I21: Implemented | J21: MET | K21: APIS_SSP_v1.1-10-31-2025.docx Assurit_Cyber_Handbook_v2.1-09-08-2025.docx
A22: Non-Privileged Account Use | B22: AC.L2-3.1.6 | C22: 3.1.6 [a] | D22: nonsecurity functions are identified. | E22: [SELECT FROM: Access control policy; procedures addressing least privilege; system security plan; list of system-generated security functions assigned to system accounts or roles; system configuration settings and associated documentation; system audit logs and records; other relevant documents or records]. | F22: Interview: [SELECT FROM: Personnel with responsibilities for defining least privileges necessary to accomplish specified organizational tasks; personnel with information security responsibilities; system or network administrators]. | G22: Test: [SELECT FROM: Mechanisms implementing least privilege functions]. | H22: 11/28/2025: Nonsecurity functions are identified as conventional, non-configuration usage of O365 and Azure services. | I22: Implemented | J22: MET | K22: APIS_SSP_v1.1-10-31-2025.docx Assurit_Cyber_Handbook_v2.1-09-08-2025.docx
B23: AC.L2-3.1.6 | C23: 3.1.6 [b] | D23: users are required to use non-privileged accounts or roles when accessing nonsecurity functions. | H23: 11/28/2025: APIS users can only access O365 services using their Entra ID account. The APIS O365 services can only be accessed from the APIS network. Although non-privileged, O365 services are required for both privileged and non-privileged users (word, excel, sharepoint, etc) to perform their duties. | I23: Implemented | J23: MET | K23: APIS_SSP_v1.1-10-31-2025.docx AC.L2-3.1.6b1-12-10-2025.png AC.L2-3.1.6b2-12-10-2025.png
A24: Privileged Functions | B24: AC.L2-3.1.7 | C24: 3.1.7 [a] | D24: privileged functions are defined. | E24: Examine: [SELECT FROM: Access control policy; procedures addressing least privilege; system security plan; system design documentation; list of privileged functions and associated user account assignments; system configuration settings and associated documentation; system audit logs and records; other relevant documents or records]. | F24: Interview: [SELECT FROM: Personnel with responsibilities for defining least privileges necessary to accomplish specified tasks; personnel with information security responsibilities; system developers]. | G24: Test: [SELECT FROM: Mechanisms implementing least privilege functions for non-privileged users; mechanisms auditing the execution of privileged functions]. | H24: 12/10/2025: Privileged functions are defined within the SSP which include: o Azure environment configurations o Virtual machine configurations o Exchange, SharePoint, OneDrive Settings | I24: Implemented | J24: MET | K24: APIS_SSP_v1.1-10-31-2025.docx
B25: AC.L2-3.1.7 | C25: 3.1.7 [b] | D25: non-privileged users are defined. | H25: 12/10/2025: Non-privileged users are conventional system users and are assigned the APIS-Users group. | I25: Implemented | J25: MET | K25: AC.L2-3.1.7b1-12-10-2025.png
B26: AC.L2-3.1.7 | C26: 3.1.7 [c] | D26: non-privileged users are prevented from executing privileged functions. | H26: 12/10/2025: Non-privileged users are prevented from conditional access policies and AVD/Intune policies. Non-privileged users are restricted by CA policies from logging into Admin portals. AVD IAM roles are assigned to specific users which only allow for non-privileged logins (Virtual Machine User Login). Intune policies apply DISA STIG (Microsoft Windows 11 STIG - Ver 2, Rel 5) which restricts privileged actions and requires elevated authentication. | I26: Implemented | J26: MET | K26: AC.L2-3.1.7c1-12-10-2025.png AC.L2-3.1.7c2-12-10-2025.png AC.L2-3.1.7c3-12-10-2025.png
B27: AC.L2-3.1.7 | C27: 3.1.7 [d] | D27: the execution of privileged functions is captured in audit logs. | H27: 12/10/2025: The execution of privlieged functions are captured within several sources that include Azure audit logs and sign-in logs which tracks any changes made to the admin consoles. AVD logs are captured and forwarded to sentinel for monitoring. | I27: Implemented | J27: MET | K27: AC.L2-3.1.7d1-12-10-2025.png AC.L2-3.1.7d2-12-10-2025.png
A28: Unsuccessful Logon Attempts | B28: AC.L2-3.1.8 | C28: 3.1.8 [a] | D28: the means of limiting unsuccessful logon attempts is defined. | E28: Examine: [SELECT FROM: Access control policy; procedures addressing unsuccessful logon attempts; system security plan; system design documentation; system configuration settings and associated documentation; system audit logs and records; other relevant documents or records]. | F28: Interview: [SELECT FROM: Personnel with information security responsibilities; system developers; system or network administrators]. | G28: Test: [SELECT FROM: Mechanisms implementing access control policy for unsuccessful logon attempts]. | H28: 12/10/2025: Assurit's unsuccessful login threshold is defined as (3) consecutive failed attempts. After the 3rd attempt, users are blocked from attempting login for 15 minutes (900 seconds). The means for preventing this is configured through Entra ID Authentication Method settings and Intune policies. | I28: Implemented | J28: MET | K28: APIS_SSP_v1.1-10-31-2025.docx Assurit_Cyber_Handbook_v2.1-09-08-2025.docx
B29: AC.L2-3.1.8 | C29: 3.1.8 [b] | D29: the defined means of limiting unsuccessful logon attempts is implemented. | H29: 12/10/2025: Entra ID services are implemented to apply the company's lockout thresholds, and reinforced through intune policies (AVD). All APIS services are integrated with Entra ID to ensure a uniformed authentication scheme. | I29: Implemented | J29: MET | K29: AC.L2-3.1.8b1-12-10-2025.png
A30: Privacy & Security Notices | B30: AC.L2-3.1.9 | C30: 3.1.9 [a] | D30: privacy and security notices required by CUI-specified rules are identified, consistent, and associated with the specific CUI category. | E30: Examine: [SELECT FROM: Privacy and security policies, procedures addressing system use notification; documented approval of system use notification messages or banners; system audit logs and records; system design documentation; user acknowledgements of notification message or banner; system security plan; system use notification messages; system configuration settings and associated documentation; other relevant documents or records]. | F30: Interview: [SELECT FROM: System or network administrators; personnel with information security responsibilities; personnel with responsibility for providing legal advice; system developers]. | G30: Test: [SELECT FROM: Mechanisms implementing system use notification]. | H30: 12/10/2025: Assurit defines a security/privacy notice that is consistent with the company's CUI requirements within the SSP and Cyber Handbook. | I30: Implemented | J30: MET | K30: APIS_SSP_v1.1-10-31-2025.docx Assurit_Cyber_Handbook_v2.1-09-08-2025.docx
B31: AC.L2-3.1.9 | C31: 3.1.9 [b] | D31: privacy and security notices are displayed. | H31: 12/10/2025: The notice is displayed to all users that login to AVD that require acknowledgement prior to access: The Assurit Protected Information System is for authorized use only. This system may contain Controlled Unclassified Information (CUI) and Federal Contract Information (FCI). All users are required to handle, safeguard, and protect such information in accordance with applicable laws, regulations, and contractual requirements. By accessing or using this system, you acknowledge and consent to monitoring, recording, and auditing of all activities for security, compliance, and operational purposes. Unauthorized access, use, or modification of this system is strictly prohibited and may result in disciplinary action, civil penalties, and/or criminal prosecution. All data transmitted, processed, or stored on this system may be monitored and disclosed to authorized personnel or law enforcement as permitted by law. By proceeding, you confirm your understanding of these requirements and acknowledge you have no reasonable expectation of privacy while using this system. | I31: Implemented | J31: MET | K31: AC.L2-3.1.9b1-12-10-2025.png
A32: Session Lock | B32: AC.L2-3.1.10 | C32: 3.1.10 [a] | D32: the period of inactivity after which the system initiates a session lock is defined. | E32: Examine: [SELECT FROM: Access control policy; procedures addressing session lock; procedures addressing identification and authentication; system design documentation; system configuration settings and associated documentation; system security plan; other relevant documents or records]. | F32: Interview: [SELECT FROM: System or network administrators; personnel with information security responsibilities; system developers]. | G32: Test: [SELECT FROM: Mechanisms implementing access control policy for session lock]. | H32: 12/10/2025: Assurit defines session lock requirements within the Cyber handbook. The policy requirement states that system initiated session locks should occur after 15 minutes of inactivity. | I32: Implemented | J32: MET | K32: APIS_SSP_v1.1-10-31-2025.docx Assurit_Cyber_Handbook_v2.1-09-08-2025.docx
B33: AC.L2-3.1.10 | C33: 3.1.10 [b] | D33: access to the system and viewing of data is prevented by initiating a session lock after the defined period of inactivity. | H33: 12/10/2025: System and user initiated session lock terminates AVD RDP sessions, preventing further access to the environment until re-authentication. | I33: Implemented | J33: MET | K33: AC.L2-3.1.10b1-12-10-2025.png AC.L2-3.1.10b2-12-10-2025.png
B34: AC.L2-3.1.10 | C34: 3.1.10 [c] | D34: previously visible information is concealed via a pattern-hiding display after the defined period of inactivity. | H34: 12/10/2025: System and user initiated session lock terminates AVD RDP sessions, preventing further access to the environment until re-authentication. This is concealed by a black screen and logout message. | I34: Implemented | J34: MET | K34: AC.L2-3.1.10b1-12-10-2025.png AC.L2-3.1.10b2-12-10-2025.png
A35: Session Termination | B35: AC.L2-3.1.11 | C35: 3.1.11 [a] | D35: conditions requiring a user session to terminate are defined. | E35: Examine: [SELECT FROM: Access control policy; procedures addressing session termination; system design documentation; system security plan; system configuration settings and associated documentation; list of conditions or trigger events requiring session disconnect; system audit logs and records; other relevant documents or records]. | F35: Interview: [SELECT FROM: System or network administrators; personnel with information security responsibilities; system developers]. | G35: Test: [SELECT FROM: Mechanisms implementing user session termination]. | H35: 12/10/2025: Assurit defines the conditions for session termination within the Cyber handbook. Termination conditions include exceeding a 15 minute inactivity period or a user-initiated logoff. | I35: Implemented | J35: MET | K35: APIS_SSP_v1.1-10-31-2025.docx Assurit_Cyber_Handbook_v2.1-09-08-2025.docx
B36: AC.L2-3.1.11 | C36: 3.1.11 [b] | D36: a user session is automatically terminated after any of the defined conditions occur. | H36: 12/10/2025: Access to Azure Admin Portals and AVD sessions are automatically terminated after 15 minutes of inactivity or when user-initiated. | I36: Implemented | J36: MET | K36: AC.L2-3.1.10b1-12-10-2025.png AC.L2-3.1.10b2-12-10-2025.png
A37: Control Remote Access | B37: AC.L2-3.1.12 | C37: 3.1.12 [a] | D37: remote access sessions are permitted. | E37: Examine: [SELECT FROM: Access control policy; procedures addressing remote access implementation and usage (including restrictions); configuration management plan; system security plan; system design documentation; system configuration settings and associated documentation; remote access authorizations; system audit logs and records; other relevant documents or records]. | F37: Interview: [SELECT FROM: Personnel with responsibilities for managing remote access connections; system or network administrators; personnel with information security responsibilities]. | G37: Test: [SELECT FROM: Remote access management capability for the system]. | H37: 12/10/2025: Remote access sessions are permitted and defined within the Cyber Handbook. | I37: Implemented | J37: MET | K37: APIS_SSP_v1.1-10-31-2025.docx Assurit_Cyber_Handbook_v2.1-09-08-2025.docx
B38: AC.L2-3.1.12 | C38: 3.1.12 [b] | D38: the types of permitted remote access are identified. | H38: 12/10/2025: The Cyber handbook identifies Remote Desktop Protocol (RDP) via Azure Virtual Desktop is the only permitted remote access method. | I38: Implemented | J38: MET | K38: APIS_SSP_v1.1-10-31-2025.docx Assurit_Cyber_Handbook_v2.1-09-08-2025.docx
B39: AC.L2-3.1.12 | C39: 3.1.12 [c] | D39: remote access sessions are controlled. | H39: 12/10/2025: Remote access sessions to AVD are controlled through multiple, combined settings to ensure that only authorized users are able to remotely access AVD resources: 1. Entra ID credentials and conditional access controls are implemented to ensure authorized users and their locations can initiate a remote connection. 2. AVD IAM settings are configured to allow remote connections for assets assigned to each user. AVD assignments is 1:1 to authorized users. 3. Intune Configuration Policies are configured to harden AVD remote access sessions to DISA STIG requirements (Win11V5R2) | I39: Implemented | J39: MET | K39: AC.L2-3.1.12c1-12-06-2025.png AC.L2-3.1.12c2-12-06-2025.png AC.L2-3.1.12c3-12-06-2025.png AC.L2-3.1.12c4-12-06-2025.png AC.L2-3.1.12c5-12-06-2025.png
B40: AC.L2-3.1.12 | C40: 3.1.12 [d] | D40: remote access sessions are monitored. | H40: 12/10/2025: Remote access is monitored through two primary log sources: 1. Entra ID Sign-In Logs monitor interactive sign-ins intiated through AVD remote connections. 2. Windows Event Logs monitor for user's activities and actions while they are remotely connected to the AVD. 3. Logs are forwarded to Microsoft Sentinel with configured rules to monitor for suspicious activity. | I40: Implemented | J40: MET | K40: AC.L2-3.1.12c1-12-06-2025.png AC.L2-3.1.12c2-12-06-2025.png AC.L2-3.1.12c3-12-06-2025.png AC.L2-3.1.12c4-12-06-2025.png AC.L2-3.1.12c5-12-06-2025.png
A41: Remote Access Confidentiality | B41: AC.L2-3.1.13 | C41: 3.1.13 [a] | D41: cryptographic mechanisms to protect the confidentiality of remote access sessions are identified. | E41: Examine: [SELECT FROM: Access control policy; procedures addressing remote access to the system; system security plan; system design documentation; system configuration settings and associated documentation; cryptographic mechanisms and associated configuration documentation; system audit logs and records; other relevant documents or records]. | F41: Interview: [SELECT FROM: System or network administrators; personnel with information security responsibilities; system developers]. | G41: Test: [SELECT FROM: Cryptographic mechanisms protecting remote access sessions]. | H41: 12/10/2025: Assurit leverages the encryption settings for Azure GCC RDP sessions. By default, Microsoft Azure GCC High environments leverage a minimum of TLS 1.2 per https://learn.microsoft.com/en-us/azure/virtual-desktop/network-connectivity. In addition, DISA STIG settings are applied via Intune which require hardened RDP settings. | I41: Implemented | J41: MET | K41: APIS_SSP_v1.1-10-31-2025.docx Assurit_Cyber_Handbook_v2.1-09-08-2025.docx https://learn.microsoft.com/en-us/azure/virtual-desktop/network-connectivity AC.L2-3.1.13b1-12-06-2025.png AC.L2-3.1.13b2-12-06-2025.png
B42: AC.L2-3.1.13 | C42: 3.1.13 [b] | D42: cryptographic mechanisms to protect the confidentiality of remote access sessions are implemented. | I42: Implemented | J42: MET
A43: Remote Access Routing | B43: AC.L2-3.1.14 | C43: 3.1.14 [a] | D43: managed access control points are identified and implemented. | E43: Examine: [SELECT FROM: Access control policy; procedures addressing remote access to the system; system security plan; system design documentation; list of all managed network access control points; system configuration settings and associated documentation; system audit logs and records; other relevant documents or records]. | F43: Interview: [SELECT FROM: System or network administrators; personnel with information security responsibilities]. | G43: Test: [SELECT FROM: Mechanisms routing all remote accesses through managed network access control points]. | H43: 12/10/2025: Assurit leverages the Azure GCC High AVD Webclient (ARM) as the remote access point to AVD machines. Conditional access policies enforce requirements for authorized users to connect to the AVD Webclient via browser. https://rdweb.wvd.azure.us/arm/webclient/index.html. Once remote authentication is complete, the user is provided the option to remotely connect to their assigned AVD (1:1 assignment and single-session configuration). | I43: Implemented | J43: MET | K43: APIS_SSP_v1.1-10-31-2025.docx Assurit_Cyber_Handbook_v2.1-09-08-2025.docx https://rdweb.wvd.azure.us/arm/webclient/index.html AC.L2-3.1.14b1-12-06-2025.png AC.L2-3.1.14b2-12-06-2025.png AC.L2-3.1.14b3-12-06-2025.png
B44: AC.L2-3.1.14 | C44: 3.1.14 [b] | D44: remote access is routed through managed network access control points. | I44: Implemented | J44: MET
A45: Privileged Remote Access | B45: AC.L2-3.1.15 | C45: 3.1.15 [a] | D45: privileged commands authorized for remote execution are identified. | E45: Examine: [SELECT FROM: Access control policy; procedures addressing remote access to the system; system configuration settings and associated documentation; system security plan; system audit logs and records; other relevant documents or records]. | F45: Interview: [SELECT FROM: System or network administrators; personnel with information security responsibilities]. | G45: Test: [SELECT FROM: Mechanisms implementing remote access management]. | H45: 12/10/2025: Privileged commands/functions authorized for remote execution on AVD resources consists of system administration and software updates. These commands can only be executed by an APIS-Admins and the local admin account. The commands are can only be executed through Cloud Shell (portal.azure.us) or AVD PowerShell. All other functions are restricted/blocked by Intune Policy/Microsoft Defender for Endpoint. | I45: Implemented | J45: MET | K45: APIS_SSP_v1.1-10-31-2025.docx Assurit_Cyber_Handbook_v2.1-09-08-2025.docx
B46: AC.L2-3.1.15 | C46: 3.1.15 [b] | D46: security-relevant information authorized to be accessed remotely is identified. | H46: 12/10/2025: Security-relevant information authorized to be remote access are Windows Event Logs. In the event that Event Logs cannot be accessed via MS Sentinel, APIS-Admins are authorized to view these logs on the local machine to support investigations. | I46: Implemented | J46: MET | K46: APIS_SSP_v1.1-10-31-2025.docx Assurit_Cyber_Handbook_v2.1-09-08-2025.docx
B47: AC.L2-3.1.15 | C47: 3.1.15 [c] | D47: the execution of the identified privileged commands via remote access is authorized. | H47: 12/10/2025: Privileged commands/functions are only accessible by the APIS-Admins and the assurit-bg account. This is restricted by Intune Policy/Microsoft Defender for Endpoint. | I47: Implemented | J47: MET | K47: AC.L2-3.1.15c1-12-06-2025.png AC.L2-3.1.15c2-12-06-2025.png AC.L2-3.1.15c3-12-06-2025.png
B48: AC.L2-3.1.15 | C48: 3.1.15 [d] | D48: access to the identified security-relevant information via remote access is authorized. | H48: 12/10/2025: Security-relevant information are only accessible by the APIS-Admins and the assurit-bg account. This is restricted by Intune Policy. | I48: Implemented | J48: MET | K48: AC.L2-3.1.15c1-12-06-2025.png AC.L2-3.1.15c2-12-06-2025.png AC.L2-3.1.15c3-12-06-2025.png
A49: Wireless Access Authorization | B49: AC.L2-3.1.16 | C49: 3.1.16 [a] | D49: wireless access points are identified. | E49: Examine: [SELECT FROM: Access control policy; configuration management plan; procedures addressing wireless access implementation and usage (including restrictions); system security plan; system design documentation; system configuration settings and associated documentation; wireless access authorizations; system audit logs and records; other relevant documents or records]. | F49: Interview: [SELECT FROM: Personnel with responsibilities for managing wireless access connections; personnel with information security responsibilities]. | G49: Test: [SELECT FROM: Wireless access management capability for the system]. | H49: 11/11/2025: APIS is a self-contained environment hosted solely within the Azure GCC High environment. By design, APIS does not have direct wireless access. Any wireless access for the Azure GCC environment is managed through Microsoft. It is noted that Assurit defines the organization's wireless access control requirements within the Cyber Handbook. | I49: Inherited | J49: MET | K49: APIS_SSP_v1.1-10-31-2025.docx Assurit_Cyber_Handbook_v2.1-09-08-2025.docx
B50: AC.L2-3.1.16 | C50: 3.1.16 [b] | D50: wireless access is authorized prior to allowing such connections. | H50: 11/11/2025: APIS is a self-contained environment hosted solely within the Azure GCC High environment. By design, APIS does not have direct wireless access. Any wireless access for the Azure GCC environment is managed through Microsoft. It is noted that Assurit defines the organization's wireless access control requirements within the Cyber Handbook. | I50: Inherited | J50: MET | K50: APIS_SSP_v1.1-10-31-2025.docx Assurit_Cyber_Handbook_v2.1-09-08-2025.docx
A51: Wireless Access Protection | B51: AC.L2-3.1.17 | C51: 3.1.17 [a] | D51: wireless access to the system is protected using authentication. | E51: Examine: [SELECT FROM: Access control policy; system design documentation; procedures addressing wireless implementation and usage (including restrictions); system security plan; system configuration settings and associated documentation; system audit logs and records; other relevant documents or records]. | F51: Interview: [SELECT FROM: System or network administrators; personnel with information security responsibilities; system developers]. | G51: Test: [SELECT FROM: Mechanisms implementing wireless access protections to the system]. | H51: 11/11/2025: APIS is a self-contained environment hosted solely within the Azure GCC High environment. By design, APIS does not have direct wireless access. Any wireless access for the Azure GCC environment is managed through Microsoft. It is noted that Assurit defines the organization's wireless access control requirements within the Cyber Handbook. | I51: Inherited | J51: MET | K51: APIS_SSP_v1.1-10-31-2025.docx Assurit_Cyber_Handbook_v2.1-09-08-2025.docx
B52: AC.L2-3.1.17 | C52: 3.1.17 [b] | D52: wireless access to the system is protected using encryption. | H52: 11/11/2025: APIS is a self-contained environment hosted solely within the Azure GCC High environment. By design, APIS does not have direct wireless access. Any wireless access for the Azure GCC environment is managed through Microsoft. It is noted that Assurit defines the organization's wireless access control requirements within the Cyber Handbook. | I52: Inherited | J52: MET | K52: APIS_SSP_v1.1-10-31-2025.docx Assurit_Cyber_Handbook_v2.1-09-08-2025.docx
A53: Mobile Device Connection | B53: AC.L2-3.1.18 | C53: 3.1.18 [a] | D53: mobile devices that process, store, or transmit CUI are identified. | E53: Examine: [SELECT FROM: Access control policy; authorizations for mobile device connections to organizational systems; procedures addressing access control for mobile device usage (including restrictions); system design documentation; configuration management plan; system security plan; system audit logs and records; system configuration settings and associated documentation; other relevant documents or records]. | F53: Interview: [SELECT FROM: Personnel using mobile devices to access organizational systems; system or network administrators; personnel with information security responsibilities]. | G53: Test: [SELECT FROM: Access control capability authorizing mobile device connections to organizational systems]. | H53: 12/10/2025: Assurit restricts the use of mobile devices (Cyber handbook) for connecting or accessing APIS resources that include AVD and O365 applications. Access restrictions are implemented through Entra ID conditional access policies that requires users to access resources through a laptop and browser. Any attempts to login via Mobile Device are captured within Entra ID sign-in logs. | I53: Implemented | J53: MET | K53: APIS_SSP_v1.1-10-31-2025.docx Assurit_Cyber_Handbook_v2.1-09-08-2025.docx AC.L2-3.1.18b1-12-10-2025.png AC.L2-3.1.18b2-12-10-2025.png AC.L2-3.1.18b3-12-10-2025.png
B54: AC.L2-3.1.18 | C54: 3.1.18 [b] | D54: mobile device connections are authorized. | I54: Implemented | J54: MET
B55: AC.L2-3.1.18 | C55: 3.1.18 [c] | D55: mobile device connections are monitored and logged. | I55: Implemented | J55: MET
A56: Encrypt CUI on Mobile | B56: AC.L2-3.1.19 | C56: 3.1.19 [a] | D56: mobile devices and mobile computing platforms that process, store, or transmit CUI are identified. | E56: Examine: [SELECT FROM: Access control policy; procedures addressing access control for mobile devices; system design documentation; system configuration settings and associated documentation; encryption mechanisms and associated configuration documentation; system security plan; system audit logs and records; other relevant documents or records]. | F56: Interview: [SELECT FROM: Personnel with access control responsibilities for mobile devices; system or network administrators; personnel with information security responsibilities]. | G56: Test: [SELECT FROM: Encryption mechanisms protecting confidentiality of information on mobile devices]. | H56: 12/10/2025: Assurit restricts the use of mobile devices (Cyber handbook) for connecting or accessing APIS resources that include AVD and O365 applications. Access restrictions are implemented through Entra ID conditional access policies that requires users to access resources through a laptop and browser. Any attempts to login via Mobile Device are captured within Entra ID sign-in logs. | I56: Implemented | J56: MET | K56: APIS_SSP_v1.1-10-31-2025.docx Assurit_Cyber_Handbook_v2.1-09-08-2025.docx AC.L2-3.1.18b1-12-10-2025.png AC.L2-3.1.18b2-12-10-2025.png AC.L2-3.1.18b3-12-10-2025.png
B57: AC.L2-3.1.19 | C57: 3.1.19 [b] | D57: encryption is employed to protect CUI on identified mobile devices and mobile computing platforms. | I57: Implemented | J57: MET
A58: External Connections | B58: AC.L1-3.1.20 | C58: 3.1.20 [a] | D58: connections to external systems are identified. | E58: Examine: [SELECT FROM: Access control policy; procedures addressing the use of external systems; terms and conditions for external systems; system security plan; list of applications accessible from external systems; system configuration settings and associated documentation; system connection or processing agreements; account management documents; other relevant documents or records]. | F58: Interview: [SELECT FROM: Personnel with responsibilities for defining terms and conditions for use of external systems to access organizational systems; system or network administrators; personnel with information security responsibilities]. | G58: Test: [SELECT FROM: Mechanisms implementing terms and conditions on use of external systems]. | H58: 11/06/2025: APIS is designed to be a self-contained environment and does not have any external connections outside of Azure GCC High/M365 services. Assurit Cyber Handbook defines the policy requirements for identifying, verifying and controlling external system connections. | I58: Implemented | J58: MET | K58: APIS_SSP_v1.1-10-31-2025.docx Assurit_Cyber_Handbook_v2.1-09-08-2025.docx
B59: AC.L1-3.1.20 | C59: 3.1.20 [b] | D59: the use of external systems is identified. | I59: Implemented | J59: MET
B60: AC.L1-3.1.20 | C60: 3.1.20 [c] | D60: connections to external systems are verified. | I60: Implemented | J60: MET
B61: AC.L1-3.1.20 | C61: 3.1.20 [d] | D61: the use of external systems is verified. | I61: Implemented | J61: MET
B62: AC.L1-3.1.20 | C62: 3.1.20 [e] | D62: connections to external systems are controlled/limited. | I62: Implemented | J62: MET
B63: AC.L1-3.1.20 | C63: 3.1.20 [f] | D63: the use of external systems is controlled/limited. | I63: Implemented | J63: MET
A64: Portable Storage Use | B64: AC.L2-3.1.21 | C64: 3.1.21 [a] | D64: the use of portable storage devices containing CUI on external systems is identified and documented. | E64: Examine: [SELECT FROM: Access control policy; procedures addressing the use of external systems; system security plan; system configuration settings and associated documentation; system connection or processing agreements; account management documents; other relevant documents or records]. | F64: Interview: [SELECT FROM: Personnel with responsibilities for restricting or prohibiting use of organization-controlled storage devices on external systems; system or network administrators; personnel with information security responsibilities]. | G64: Test: [SELECT FROM: Mechanisms implementing restrictions on use of portable storage devices]. | H64: 11/11/2025: Assurit's Cyber Handbook requires by policy that portable storage devices are not permitted for use when handling CUI. APIS is a self-contained environment hosted solely within the Azure GCC High environment. By design, APIS does not have the ability to connect with portal storage devices. Any portable storage usage for the Azure GCC environment is managed through Microsoft. | I64: Implemented | J64: MET | K64: APIS_SSP_v1.1-10-31-2025.docx Assurit_Cyber_Handbook_v2.1-09-08-2025.docx
B65: AC.L2-3.1.21 | C65: 3.1.21 [b] | D65: limits on the use of portable storage devices containing CUI on external systems are defined. | I65: Implemented | J65: MET | K65: APIS_SSP_v1.1-10-31-2025.docx Assurit_Cyber_Handbook_v2.1-09-08-2025.docx
B66: AC.L2-3.1.21 | C66: 3.1.21 [c] | D66: the use of portable storage devices containing CUI on external systems is limited as defined. | I66: Implemented | J66: MET | K66: APIS_SSP_v1.1-10-31-2025.docx Assurit_Cyber_Handbook_v2.1-09-08-2025.docx
A67: Control Public Information | B67: AC.L1-3.1.22 | C67: 3.1.22 [a] | D67: individuals authorized to post or process information on publicly accessible systems are identified. | E67: Examine: [SELECT FROM: Access control policy; procedures addressing publicly accessible content; system security plan; list of users authorized to post publicly accessible content on organizational systems; training materials and/or records; records of publicly accessible information reviews; records of response to nonpublic information on public websites; system audit logs and records; security awareness training records; other relevant documents or records]. | F67: Interview: [SELECT FROM: Personnel with responsibilities for managing publicly accessible information posted on organizational systems; personnel with information security responsibilities]. | G67: Test: [SELECT FROM: Mechanisms implementing management of publicly accessible content]. | H67: 11/15/2025: Assurit's Authorizing Official or delegated representative are the only individuals permitted to post content on the company's website and social media. | I67: Implemented | J67: MET | K67: APIS_SSP_v1.1-10-31-2025.docx Assurit_Cyber_Handbook_v2.1-09-08-2025.docx
B68: AC.L1-3.1.22 | C68: 3.1.22 [b] | D68: procedures to ensure CUI is not posted or processed on publicly accessible systems are identified. | H68: 11/15/2025: Policy restrictions prohibiting CUI and sensitive information on the company's public systems are defined within the Cyber handbook. | I68: Implemented | J68: MET | K68: APIS_SSP_v1.1-10-31-2025.docx Assurit_Cyber_Handbook_v2.1-09-08-2025.docx
B69: AC.L1-3.1.22 | C69: 3.1.22 [c] | D69: a review process is in place prior to posting of any content to publicly accessible systems. | H69: 11/15/2025: All company website changes and social media posts are reviewed by the AO prior to authorization. | I69: Implemented | J69: MET | K69: APIS_SSP_v1.1-10-31-2025.docx Assurit_Cyber_Handbook_v2.1-09-08-2025.docx
B70: AC.L1-3.1.22 | C70: 3.1.22 [d] | D70: content on publicly accessible systems is reviewed to ensure that it does not include CUI. | H70: 11/15/2025: All company website changes and social media posts are reviewed by the AO prior to authorization. | I70: Implemented | J70: MET | K70: APIS_SSP_v1.1-10-31-2025.docx Assurit_Cyber_Handbook_v2.1-09-08-2025.docx
B71: AC.L1-3.1.22 | C71: 3.1.22 [e] | D71: mechanisms are in place to remove and address improper posting of CUI. | H71: 11/15/2025: The AO has direct access to the company website and social media accounts, allowing for swift action in the event that content needs to be removed. | I71: Implemented | J71: MET | K71: APIS_SSP_v1.1-10-31-2025.docx Assurit_Cyber_Handbook_v2.1-09-08-2025.docx

Sheet AT
A1: Practice Name | B1: Practice ID | C1: Procedure ID | D1: Assessment Objective/Determine if: | E1: EXAMINE | F1: INTERVIEW | G1: TEST | H1: Observation Statement | I1: Implementation Status | J1: Assessment Result | K1: Evidence/Artifacts
A2: Role-Based Risk Awareness | B2: AT.L2-3.2.1 | C2: 3.2.1 [a] | D2: security risks associated with organizational activities involving CUI are identified; | E2: Examine: [SELECT FROM: Security awareness and training policy; procedures addressing security awareness training implementation; relevant codes of federal regulations; security awareness training curriculum; security awareness training materials; system security plan; training records; other relevant documents or records]. | F2: Interview: [SELECT FROM: Personnel with responsibilities for security awareness training; personnel with information security responsibilities; personnel composing the general system user community; personnel with responsibilities for role-based awareness training]. | G2: Test: [SELECT FROM: Mechanisms managing security awareness training; mechanisms managing role-based security training]. | H2: 11/11/2025: Assurit implements a security training program and Insider Threat Program that addresses risks involving CUI. The program encompasses computer-based training sessions regarding the management, handling, and monitoring of risks associated to CUI which includes insider threats. It is required by policy that all Assurit employees and contractors that hold security clearances to complete the training upon employment and annually thereafter. When completed, participants are required to sign and acknowledge the policies and requirements for holding a position that requires a security clearance. | I2: Implemented | J2: MET | K2: APIS_SSP_v1.1-10-31-2025.docx Assurit_Cyber_Handbook_v2.1-09-08-2025.docx ASSURIT-ITP-01 (Insider Threat Plan) V2.0.pdf ASSURIT-SPP-01 (Standard Practice Procedures) V2.0.pdf 2024 Annual Security Refresher Training To Be Completed By 9 February 2024.msg 2025 Annual Security Refresher Training To Be Completed By 26 September 2025
B3: AT.L2-3.2.1 | C3: 3.2.1 [b] | D3: policies, standards, and procedures related to the security of the system are identified; | H3: 11/11/2025: Assurit implements a security training program and Insider Threat Program that addresses risks involving CUI. The program encompasses computer-based training sessions regarding the management, handling, and monitoring of risks associated to CUI which includes insider threats. It is required by policy that all Assurit employees and contractors that hold security clearances to complete the training upon employment and annually thereafter. When completed, participants are required to sign and acknowledge the policies and requirements for holding a position that requires a security clearance. | I3: Implemented | J3: MET | K3: APIS_SSP_v1.1-10-31-2025.docx Assurit_Cyber_Handbook_v2.1-09-08-2025.docx ASSURIT-ITP-01 (Insider Threat Plan) V2.0.pdf ASSURIT-SPP-01 (Standard Practice Procedures) V2.0.pdf 2024 Annual Security Refresher Training To Be Completed By 9 February 2024.msg 2025 Annual Security Refresher Training To Be Completed By 26 September 2025
B4: AT.L2-3.2.1 | C4: 3.2.1 [c] | D4: managers, systems administrators, and users of the system are made aware of the security risks associated with their activities. | H4: 11/11/2025: Assurit implements a security training program and Insider Threat Program that addresses risks involving CUI. The program encompasses computer-based training sessions regarding the management, handling, and monitoring of risks associated to CUI which includes insider threats. It is required by policy that all Assurit employees and contractors that hold security clearances to complete the training upon employment and annually thereafter. When completed, participants are required to sign and acknowledge the policies and requirements for holding a position that requires a security clearance. | I4: Implemented | J4: MET | K4: APIS_SSP_v1.1-10-31-2025.docx Assurit_Cyber_Handbook_v2.1-09-08-2025.docx ASSURIT-ITP-01 (Insider Threat Plan) V2.0.pdf ASSURIT-SPP-01 (Standard Practice Procedures) V2.0.pdf 2024 Annual Security Refresher Training To Be Completed By 9 February 2024.msg 2025 Annual Security Refresher Training To Be Completed By 26 September 2025
B5: AT.L2-3.2.1 | C5: 3.2.1 [d] | D5: managers, systems administrators, and users of the system are made aware of the applicable policies, standards, and procedures related to the security of the system. | H5: 11/11/2025: Assurit implements a security training program and Insider Threat Program that addresses risks involving CUI. The program encompasses computer-based training sessions regarding the management, handling, and monitoring of risks associated to CUI which includes insider threats. It is required by policy that all Assurit employees and contractors that hold security clearances to complete the training upon employment and annually thereafter. When completed, participants are required to sign and acknowledge the policies and requirements for holding a position that requires a security clearance. | I5: Implemented | J5: MET | K5: APIS_SSP_v1.1-10-31-2025.docx Assurit_Cyber_Handbook_v2.1-09-08-2025.docx ASSURIT-ITP-01 (Insider Threat Plan) V2.0.pdf ASSURIT-SPP-01 (Standard Practice Procedures) V2.0.pdf 2024 Annual Security Refresher Training To Be Completed By 9 February 2024.msg 2025 Annual Security Refresher Training To Be Completed By 26 September 2025
A6: Role-Based Training | B6: AT.L2-3.2.2 | C6: 3.2.2 [a] | D6: information security-related duties, roles, and responsibilities are defined. | E6: Examine: [SELECT FROM: Security awareness and training policy; procedures addressing security training implementation; codes of federal regulations; security training curriculum; security training materials; system security plan; training records; other relevant documents or records]. | F6: Interview: [SELECT FROM: Personnel with responsibilities for role-based security training; personnel with assigned system security roles and responsibilities; personnel with responsibilities for security awareness training; personnel with information security responsibilities; personnel representing the general system user community]. | G6: Test: [SELECT FROM: Mechanisms managing role-based security training; mechanisms managing security awareness training]. | H6: 11/11/2025: Assurit roles with security-related duties, roles, and responsibilities are defined within the Cyber Handbook. The key roles with security responsibilities are the Authorizing Official, System Owner, and the System Administrator. | I6: Implemented | J6: MET | K6: Assurit_Cyber_Handbook_v2.1-09-08-2025.docx
B7: AT.L2-3.2.2 | C7: 3.2.2 [b] | D7: information security-related duties, roles, and responsibilities are assigned to designated personnel. | H7: 11/11/2025: Assurit roles with security-related duties, roles, and responsibilities associated to APIS are designated to individuals noted within the APIS SSP. | I7: Implemented | J7: MET | K7: APIS_SSP_v1.1-10-31-2025.docx
B8: AT.L2-3.2.2 | C8: 3.2.2 [c] | D8: personnel are adequately trained to carry out their assigned information security-related duties, roles, and responsibilities. | H8: 11/11/2025: APIS admins and users are required to complete all necessary training and acknowledgements prior to being granted access to the system. | I8: Implemented | J8: MET | K8: APIS_SSP_v1.1-10-31-2025.docx
A9: Insider Threat Awareness | B9: AT.L2-3.2.3 | C9: 3.2.3 [a] | D9: potential indicators associated with insider threats are identified. | E9: Examine: [SELECT FROM: Security awareness and training policy; procedures addressing security awareness training implementation; security awareness training curriculum; security awareness training materials; insider threat policy and procedures; system security plan; other relevant documents or records]. | F9: Interview: [SELECT FROM: Personnel that participate in security awareness training; personnel with responsibilities for basic security awareness training; personnel with information security responsibilities]. | G9: Test: [SELECT FROM: Mechanisms managing insider threat training]. | H9: 11/11/2025: Assurit implements a security training program and Insider Threat Program that addresses risks involving CUI. The program encompasses computer-based training sessions regarding the management, handling, and monitoring of risks associated to CUI which includes insider threats. It is required by policy that all Assurit employees and contractors that hold security clearances to complete the training upon employment and annually thereafter. When completed, participants are required to sign and acknowledge the policies and requirements for holding a position that requires a security clearance. | I9: Implemented | J9: MET | K9: APIS_SSP_v1.1-10-31-2025.docx Assurit_Cyber_Handbook_v2.1-09-08-2025.docx ASSURIT-ITP-01 (Insider Threat Plan) V2.0.pdf ASSURIT-SPP-01 (Standard Practice Procedures) V2.0.pdf 2024 Annual Security Refresher Training To Be Completed By 9 February 2024.msg 2025 Annual Security Refresher Training To Be Completed By 26 September 2025
B10: AT.L2-3.2.3 | C10: 3.2.3 [b] | D10: security awareness training on recognizing and reporting potential indicators of insider threat is provided to managers and employees. | H10: 11/11/2025: Assurit implements a security training program and Insider Threat Program that addresses risks involving CUI. The program encompasses computer-based training sessions regarding the management, handling, and monitoring of risks associated to CUI which includes insider threats. It is required by policy that all Assurit employees and contractors that hold security clearances to complete the training upon employment and annually thereafter. When completed, participants are required to sign and acknowledge the policies and requirements for holding a position that requires a security clearance. | I10: Implemented | J10: MET | K10: APIS_SSP_v1.1-10-31-2025.docx Assurit_Cyber_Handbook_v2.1-09-08-2025.docx ASSURIT-ITP-01 (Insider Threat Plan) V2.0.pdf ASSURIT-SPP-01 (Standard Practice Procedures) V2.0.pdf 2024 Annual Security Refresher Training To Be Completed By 9 February 2024.msg 2025 Annual Security Refresher Training To Be Completed By 26 September 2025

Sheet AU
A1: Practice Name | B1: Practice ID | C1: Procedure ID | D1: Assessment Objective/Determine if: | E1: EXAMINE | F1: INTERVIEW | G1: TEST | H1: Observation Statement | I1: Implementation Status | J1: Assessment Result | K1: Evidence/Artifacts
A2: System Auditing | B2: AU.L2-3.3.1 | C2: 3.3.1 [a] | D2: audit logs needed (i.e., event types to be logged) to enable the monitoring, analysis, investigation, and reporting of unlawful or unauthorized system activity are specified. | E2: Examine: [SELECT FROM: Audit and accountability policy; procedures addressing auditable events; system security plan; system design documentation; system configuration settings and associated documentation; procedures addressing control of audit records; procedures addressing audit record generation; system audit logs and records; system auditable events; system incident reports; other relevant documents or records]. | F2: Interview: [SELECT FROM: Personnel with audit and accountability responsibilities; personnel with information security responsibilities; personnel with audit review, analysis and reporting responsibilities; system or network administrators]. | G2: Test: [SELECT FROM: Mechanisms implementing system audit logging]. | H2: 12/12/2025: Audit log types to specified as necessary to support monitoring/after-the-fact investigations is defined within the Cyber Handbook and the SSP: o Authentication events (successful and failed logon/logoff). o File and object access events (create, delete, modify, permission changes, ownership changes). o User and group management activity (account creation, deletion, modification, disablement, or lockout). o Privileged functions (policy changes, role elevation, access to audit logs, administrative actions). o System events (reboots, shutdowns, restarts). o Application events | I2: Implemented | J2: MET | K2: APIS_SSP_v1.1-10-31-2025.docx Assurit_Cyber_Handbook_v2.1-09-08-2025.docx
B3: AU.L2-3.3.1 | C3: 3.3.1 [b] | D3: the content of audit records needed to support monitoring, analysis, investigation, and reporting of unlawful or unauthorized system activity is defined. | H3: 12/12/2025: The Cyber Handbook defines the minimum requirement for audit log content are the date/time, source, and outcome of the event. | I3: Implemented | J3: MET | K3: APIS_SSP_v1.1-10-31-2025.docx Assurit_Cyber_Handbook_v2.1-09-08-2025.docx
B4: AU.L2-3.3.1 | C4: 3.3.1 [c] | D4: audit records are created (generated). | H4: 12/12/2025: Audit logs are generated through the following sources: -Entra ID (Sign-in/Audit) -AVD Windows Events (forwarded to log analytics workspace) -Defender for Endpoint | I4: Implemented | J4: MET | K4: APIS_SSP_v1.1-10-31-2025.docx
B5: AU.L2-3.3.1 | C5: 3.3.1 [d] | D5: audit records, once created, contain the defined content. | H5: 12/12/2025: Audit logs at minimum, contain the date/time, source, and outcome of an event. | I5: Implemented | J5: MET | K5: APIS_SSP_v1.1-10-31-2025.docx AU.L2-3.3.1d1-12-12-2025.png AU.L2-3.3.1d2-12-12-2025.png AU.L2-3.3.1d3-12-12-2025.png AU.L2-3.3.1d4-12-12-2025.png AU.L2-3.3.1d5-12-12-2025.png AU.L2-3.3.1d6-12-12-2025.png AU.L2-3.3.1d7-12-12-2025.png AU.L2-3.3.1f1-12-12-2025.png
B6: AU.L2-3.3.1 | C6: 3.3.1 [e] | D6: retention requirements for audit records are defined. | H6: 12/12/2025: Assurit specifies a 365 day period for the retention of audit logs. | I6: Implemented | J6: MET | K6: APIS_SSP_v1.1-10-31-2025.docx Assurit_Cyber_Handbook_v2.1-09-08-2025.docx AU.L2-3.3.1d1-12-12-2025.png AU.L2-3.3.1d2-12-12-2025.png AU.L2-3.3.1d3-12-12-2025.png AU.L2-3.3.1d4-12-12-2025.png AU.L2-3.3.1d5-12-12-2025.png AU.L2-3.3.1d6-12-12-2025.png AU.L2-3.3.1d7-12-12-2025.png AU.L2-3.3.1f1-12-12-2025.png
B7: AU.L2-3.3.1 | C7: 3.3.1 [f] | D7: audit records are retained as defined. | H7: 12/12/2025: apis-avd-monitoring is configured to retain audit logs forwarded to it for 365 days. | I7: Implemented | J7: MET | K7: APIS_SSP_v1.1-10-31-2025.docx AU.L2-3.3.1d1-12-12-2025.png AU.L2-3.3.1d2-12-12-2025.png AU.L2-3.3.1d3-12-12-2025.png AU.L2-3.3.1d4-12-12-2025.png AU.L2-3.3.1d5-12-12-2025.png AU.L2-3.3.1d6-12-12-2025.png AU.L2-3.3.1d7-12-12-2025.png AU.L2-3.3.1f1-12-12-2025.png
A8: User Accountability | B8: AU.L2-3.3.2 | C8: 3.3.2 [a] | D8: the content of the audit records needed to support the ability to uniquely trace users to their actions is defined. | E8: Examine: [SELECT FROM: Audit and accountability policy; procedures addressing audit records and event types; system security plan; system design documentation; system configuration settings and associated documentation; procedures addressing audit record generation; procedures addressing audit review, analysis, and reporting; reports of audit findings; system audit logs and records; system events; system incident reports; other relevant documents or records]. | F8: Interview: [SELECT FROM: Personnel with audit and accountability responsibilities; personnel with information security responsibilities; system or network administrators]. | G8: Test: [SELECT FROM: Mechanisms implementing system audit logging]. | H8: 12/12/2025: The content of audit records to support traceability of user actions are defined within the SSP. The minimum content required is defined as the date/time, event type, identity (source), and outcome of the event. | I8: Implemented | J8: MET | K8: APIS_SSP_v1.1-10-31-2025.docx Assurit_Cyber_Handbook_v2.1-09-08-2025.docx
B9: AU.L2-3.3.2 | C9: 3.3.2 [b] | D9: audit records, once created, contain the defined content. | H9: 12/12/2025: Audit records are generated through windows event and azure activity logs. The audit records generated contain the minimum content as required by the Assurit to trace user/system activity. | I9: Implemented | J9: MET | K9: APIS_SSP_v1.1-10-31-2025.docx AU.L2-3.3.2b1-12-12-2025.png AU.L2-3.3.2b2-12-12-2025.png AU.L2-3.3.2b3-12-12-2025.png AU.L2-3.3.2b4-12-12-2025.png
A10: Event Review | B10: AU.L2-3.3.3 | C10: 3.3.3 [a] | D10: a process for determining when to review logged events is defined. | E10: Examine: [SELECT FROM: Audit and accountability policy; procedures addressing audit records and event types; system security plan; list of organization-defined event types to be logged; reviewed and updated records of logged event types; system audit logs and records; system incident reports; other relevant documents or records]. | F10: Interview: [SELECT FROM: Personnel with audit and accountability responsibilities; personnel with information security responsibilities]. | G10: Test: [SELECT FROM: Mechanisms supporting review and update of logged event types]. | H10: 12/13/2025: Requirements for event reviews are defined within the Assurit Cyber handbook and enforced accordingly. At minimum, event type reviews are performed annually or when a significant system change occurs. The SSP outlines the process for performining event type reviews. | I10: Implemented | J10: MET | K10: APIS_SSP_v1.1-10-31-2025.docx Assurit_Cyber_Handbook_v2.1-09-08-2025.docx
B11: AU.L2-3.3.3 | C11: 3.3.3 [b] | D11: event types being logged are reviewed in accordance with the defined review process. | H11: 12/13/2025: APIS is currently in its initial deployment. Assurit will ensure that the event reviews are performed in accordance with the Cyber Handbook and SSP once the system has been authorized. | I11: Implemented | J11: MET | K11: APIS_SSP_v1.1-10-31-2025.docx Assurit_Cyber_Handbook_v2.1-09-08-2025.docx
B12: AU.L2-3.3.3 | C12: 3.3.3 [c] | D12: event types being logged are updated based on the review. | H12: 12/13/2025: The list of logged event types are updated within the SSP under practice AU.L2-3.3.1. The SSP is version controlled with approved versions signed by the AO. | I12: Implemented | J12: MET | K12: APIS_SSP_v1.1-10-31-2025.docx Assurit_Cyber_Handbook_v2.1-09-08-2025.docx
A13: Audit Failure Alert | B13: AU.L2-3.3.4 | C13: 3.3.4 [a] | D13: personnel or roles to be alerted in the event of an audit logging process failure are identified. | E13: Examine: [SELECT FROM: Audit and accountability policy; procedures addressing response to audit logging processing failures; system design documentation; system security plan; system configuration settings and associated documentation; list of personnel to be notified in case of an audit logging processing failure; system incident reports; system audit logs and records; other relevant documents or records]. | F13: Interview: [SELECT FROM: Personnel with audit and accountability responsibilities; personnel with information security responsibilities; system or network administrators; system developers]. | G13: Test: [SELECT FROM: Mechanisms implementing system response to audit logging processing failures]. | H13: 12/13/2025: The Cyber Handbook specifies that administrators must be notified of Entra ID and Azure Activity audit log processing failures. The SSP defines the APIS Admins group as the personnel to be notified of any audit log processing failure. | I13: Implemented | J13: MET | K13: APIS_SSP_v1.1-10-31-2025.docx Assurit_Cyber_Handbook_v2.1-09-08-2025.docx
B14: AU.L2-3.3.4 | C14: 3.3.4 [b] | D14: types of audit logging process failures for which alert will be generated are defined. | H14: 12/13/2025: The SSP defines Entra ID Sign-In/Audit logs and Azure Activity logs as the sources that require alerting when they occur. | I14: Implemented | J14: MET | K14: APIS_SSP_v1.1-10-31-2025.docx Assurit_Cyber_Handbook_v2.1-09-08-2025.docx AU.L2-3.3.4b1-12-13-2025.png AU.L2-3.3.4b2-12-13-2025.png AU.L2-3.3.4b3-12-13-2025.png AU.L2-3.3.4b4-12-13-2025.png
B15: AU.L2-3.3.4 | C15: 3.3.4 [c] | D15: identified personnel or roles are alerted in the event of an audit logging process failure. | H15: 12/13/2025: The APIS Admin group is alerted via the Microsoft Sentinel dashboard which they are required to review on a daily basis. | I15: Implemented | J15: MET | K15: APIS_SSP_v1.1-10-31-2025.docx Assurit_Cyber_Handbook_v2.1-09-08-2025.docx
A16: Audit Correlation | B16: AU.L2-3.3.5 | C16: 3.3.5 [a] | D16: audit record review, analysis, and reporting processes for investigation and response to indications of unlawful, unauthorized, suspicious, or unusual activity are defined. | E16: Examine: [SELECT FROM: Audit and accountability policy; procedures addressing audit record review, analysis, and reporting; system security plan; system design documentation; system configuration settings and associated documentation; procedures addressing investigation of and response to suspicious activities; system audit logs and records across different repositories; other relevant documents or records]. | F16: Interview: [SELECT FROM: Personnel with audit record review, analysis, and reporting responsibilities; personnel with information security responsibilities]. | G16: Test: [SELECT FROM: Mechanisms supporting analysis and correlation of audit records; mechanisms integrating audit review, analysis and reporting]. | H16: 12/13/2025: The Assurit Cyber handbook defines the requirements for the audit review process and what log criteria is mandatory to support current and after-the-fact investigations of system activity. In addition, guidance is specified to ensure that the audit review process and technologies are appropriately implemented within the Azure environment. | I16: Implemented | J16: MET | K16: APIS_SSP_v1.1-10-31-2025.docx Assurit_Cyber_Handbook_v2.1-09-08-2025.docx
B17: AU.L2-3.3.5 | C17: 3.3.5 [b] | D17: defined audit record review, analysis, and reporting processes are correlated. | H17: 12/13/2025: Log analytics are implemented via Microsoft Sentinel to automate the correlation of activity in order to identify/resolve suspicious or malicious events. Analytic rules are configured using ksql syntax to identify patterns in log activity that would indicate certain activities (e.g. log processing failures, brute force log-ins, etc). | I17: Implemented | J17: MET | K17: APIS_SSP_v1.1-10-31-2025.docx Assurit_Cyber_Handbook_v2.1-09-08-2025.docx AU.L2-3.3.5b1-12-18-2025.png AU.L2-3.3.5b2-12-18-2025.png AU.L2-3.3.5b3-12-18-2025.png
A18: Reduction & Reporting | B18: AU.L2-3.3.6 | C18: 3.3.6 [a] | D18: an audit record reduction capability that supports on-demand analysis is provided. | E18: Examine: [SELECT FROM: Audit and accountability policy; procedures addressing audit record reduction and report generation; system design documentation; system security plan; system configuration settings and associated documentation; audit record reduction, review, analysis, and reporting tools; system audit logs and records; other relevant documents or records]. | F18: Interview: [SELECT FROM: Personnel with audit record reduction and report generation responsibilities; personnel with information security responsibilities]. | G18: Test: [SELECT FROM: Audit record reduction and report generation capability]. | H18: 12/13/2025: Microsoft Sentinel provides ad-hoc query/reporting capabilities to support the on-demand analysis of assets or events. | I18: Implemented | J18: MET | K18: APIS_SSP_v1.1-10-31-2025.docx Assurit_Cyber_Handbook_v2.1-09-08-2025.docx
B19: AU.L2-3.3.6 | C19: 3.3.6 [b] | D19: a report generation capability that supports on-demand reporting is provided. | H19: 12/13/2025: Microsoft Sentinel provides ad-hoc query/reporting capabilities to support the on-demand analysis of assets or events. | I19: Implemented | J19: MET | K19: APIS_SSP_v1.1-10-31-2025.docx Assurit_Cyber_Handbook_v2.1-09-08-2025.docx AU.L2-3.3.6b1-12-18-2025.png AU.L2-3.3.6b2-12-18-2025.png
A20: Authoritative Time Source | B20: AU.L2-3.3.7 | C20: 3.3.7 [a] | D20: internal system clocks are used to generate time stamps for audit records. | E20: Examine: [SELECT FROM: Audit and accountability policy; procedures addressing time stamp generation; system design documentation; system security plan; system configuration settings and associated documentation; system audit logs and records; other relevant documents or records]. | F20: Interview: [SELECT FROM: Personnel with information security responsibilities; system or network administrators; system developers]. | G20: Test: [SELECT FROM: Mechanisms implementing time stamp generation; mechanisms implementing internal information system clock synchronization]. | H20: 12/13/2025: APIS logs are generated and forwarded to Sentinel. Log timestamps are generated in both EST and UTC. | I20: Implemented | J20: MET | K20: APIS_SSP_v1.1-10-31-2025.docx Assurit_Cyber_Handbook_v2.1-09-08-2025.docx AU.L2-3.3.7a1-12-18-2025.png
B21: AU.L2-3.3.7 | C21: 3.3.7 [b] | D21: an authoritative source with which to compare and synchronize internal system clocks is specified. | H21: 12/13/2025: The authoritative source for log timestamps is sync'd to Microsoft's source which is time.microsoft.com | I21: Implemented | J21: MET | K21: APIS_SSP_v1.1-10-31-2025.docx Assurit_Cyber_Handbook_v2.1-09-08-2025.docx AU.L2-3.3.7b1-12-18-2025
B22: AU.L2-3.3.7 | C22: 3.3.7 [c] | D22: internal system clocks used to generate time stamps for audit records are compared to and synchronized with the specified authoritative time source. | H22: 12/13/2025: Log timestamps are generated in both EST and UTC which for each event, enabling the comparison of event times to ensure synchronization. | I22: Implemented | J22: MET | K22: APIS_SSP_v1.1-10-31-2025.docx Assurit_Cyber_Handbook_v2.1-09-08-2025.docx
A23: Audit Protection | B23: AU.L2-3.3.8 | C23: 3.3.8 [a] | D23: audit information is protected from unauthorized access. | E23: Examine: [SELECT FROM: Audit and accountability policy; access control policy and procedures; procedures addressing protection of audit information; system security plan; system design documentation; system configuration settings and associated documentation, system audit logs and records; audit logging tools; other relevant documents or records]. | F23: Interview: [SELECT FROM: Personnel with audit and accountability responsibilities; personnel with information security responsibilities; system or network administrators; system developers]. | G23: Test: [SELECT FROM: Mechanisms implementing audit information protection]. | H23: 12/14/2025: Log information for AVD hosts, Entra ID, and Azure Activity is forwarded to Sentinel via encrypted data connectors and agents. Log information can only be accessed by authorized APIS-Admins via the Azure Government Portal (security.microsoft.us) which is protected by CAs. Local AVD access to Windows Logs are prevented by assigned user groups, intune policies, and Defender for Endpoint. | I23: Implemented | J23: MET | K23: APIS_SSP_v1.1-10-31-2025.docx Assurit_Cyber_Handbook_v2.1-09-08-2025.docx
B24: AU.L2-3.3.8 | C24: 3.3.8 [b] | D24: audit information is protected from unauthorized modification. | H24: 12/14/2025: Log information for AVD hosts, Entra ID, and Azure Activity is forwarded to Sentinel via encrypted data connectors and agents. Logs are submitted in real-time in which Sentinel restricts the modification of logged events. In addition, local AVD access is restricted by intune policies/Defender for Endpoint to ensure host logs are tamper-proof or deleted. | I24: Implemented | J24: MET | K24: APIS_SSP_v1.1-10-31-2025.docx Assurit_Cyber_Handbook_v2.1-09-08-2025.docx
B25: AU.L2-3.3.8 | C25: 3.3.8 [c] | D25: audit information is protected from unauthorized deletion. | I25: Implemented | J25: MET
B26: AU.L2-3.3.8 | C26: 3.3.8 [d] | D26: audit logging tools are protected from unauthorized access. | H26: 12/14/2025: Log information for AVD hosts, Entra ID, and Azure Activity is forwarded to Sentinel via encrypted data connectors and agents. Log information can only be accessed by authorized APIS-Admins via the Azure Government Portal (security.microsoft.us) which is protected by CAs. Proposed modifications must be reviewed and approved through Assurit's change management process prior to implementation. Furthermore, all Azure Activity is logged to ensure accountability of APIS-Admin actions. | I26: Implemented | J26: MET | K26: APIS_SSP_v1.1-10-31-2025.docx Assurit_Cyber_Handbook_v2.1-09-08-2025.docx
B27: AU.L2-3.3.8 | C27: 3.3.8 [e] | D27: audit logging tools are protected from unauthorized modification. | I27: Implemented | J27: MET
B28: AU.L2-3.3.8 | C28: 3.3.8 [f] | D28: audit logging tools are protected from unauthorized deletion. | I28: Implemented | J28: MET
A29: Audit Management | B29: AU.L2-3.3.9 | C29: 3.3.9 [a] | D29: a subset of privileged users granted access to manage audit logging functionality is defined. | E29: Examine: [SELECT FROM: Audit and accountability policy; access control policy and procedures; procedures addressing protection of audit information; system security plan; system design documentation; system configuration settings and associated documentation; access authorizations; system-generated list of privileged users with access to management of audit logging functionality; access control list; system audit logs and records; other relevant documents or records]. | F29: Interview: [SELECT FROM: Personnel with audit and accountability responsibilities; personnel with information security responsibilities; system or network administrators; system developers]. | G29: Test: [SELECT FROM: Mechanisms managing access to audit logging functionality]. | H29: 12/14/2025: Log information is only accessible to users assigned to the APIS-Admins group which is enforced by CA policies and trusted locations. The admin role requires access to log information to support monitoring and IR responsibilities. | I29: Implemented | J29: MET | K29: APIS_SSP_v1.1-10-31-2025.docx Assurit_Cyber_Handbook_v2.1-09-08-2025.docx
B30: AU.L2-3.3.9 | C30: 3.3.9 [b] | D30: management of audit logging functionality is limited to the defined subset of privileged users. | I30: Implemented | J30: MET

Sheet CA
A1: Practice ID | B1: Practice ID | C1: Procedure ID | D1: Assessment Objective/Determine if: | E1: EXAMINE | F1: INTERVIEW | G1: TEST | H1: Observation Statement | I1: Implementation Status | J1: Assessment Result | K1: Evidence/Artifacts
A2: Security Control Assessment | B2: CA.L2-3.12.1 | C2: 3.12.1 [a] | D2: the frequency of security control assessments is defined. | E2: Examine: [SELECT FROM: Security assessment and authorization policy; procedures addressing security assessment planning; procedures addressing security assessments; security assessment plan; system security plan; other relevant documents or records]. | F2: Interview: [SELECT FROM: Personnel with security assessment responsibilities; personnel with information security responsibilities]. | G2: Test: [SELECT FROM: Mechanisms supporting security assessment, security assessment plan development, and security assessment reporting]. | H2: 12/24/2025: The Assurit Cyber Handbook defines the frequency of security control assessments to occur at minimum annually or when a significant change occurs with the system. | I2: Implemented | J2: MET | K2: APIS_SSP_v1.1-10-31-2025.docx Assurit_Cyber_Handbook_v2.1-09-08-2025.docx
B3: CA.L2-3.12.1 | C3: 3.12.1 [b] | D3: security controls are assessed with the defined frequency to determine if the controls are effective in their application. | H3: 12/24/2025: This is the initial assessment performed for the APIS system. Assurit will conduct assessment in accordance with its policy and to maintain CMMC requirements. (Annual Attestations) | I3: Implemented | J3: MET | K3: APIS_SSP_v1.1-10-31-2025.docx Assurit_Cyber_Handbook_v2.1-09-08-2025.docx
A4: Plan of Action | B4: CA.L2-3.12.2 | C4: 3.12.2 [a] | D4: deficiencies and vulnerabilities to be addressed by the plan of action are identified. | E4: Examine: [SELECT FROM: Security assessment and authorization policy; procedures addressing plan of action; system security plan; security assessment plan; security assessment report; security assessment evidence; plan of action; other relevant documents or records]. | F4: Interview: [SELECT FROM: Personnel with plan of action development and implementation responsibilities; personnel with information security responsibilities]. | G4: Test: [SELECT FROM: Mechanisms for developing, implementing, and maintaining plan of action]. | H4: 12/24/2025: The requirements for establishing POA&Ms for identified weaknesses/vulnerabilities are defined within the Assurit Cyber Handbook. POA&Ms will originate from assessments, audits, and continuous monitoring activities as noted within the handbook. | I4: Implemented | J4: MET | K4: APIS_SSP_v1.1-10-31-2025.docx Assurit_Cyber_Handbook_v2.1-09-08-2025.docx
B5: CA.L2-3.12.2 | C5: 3.12.2 [b] | D5: a plan of action is developed to correct identified deficiencies and reduce or eliminate identified vulnerabilities. | H5: 12/24/2025: The handbook defines the criteria for POA&M development in which each record is required to include include a description of the issue, risk impact, corrective actions, responsible personnel, and remediation timeline. | I5: Implemented | J5: MET | K5: APIS_SSP_v1.1-10-31-2025.docx Assurit_Cyber_Handbook_v2.1-09-08-2025.docx
B6: CA.L2-3.12.2 | C6: 3.12.2 [c] | D6: the plan of action is implemented to correct identified deficiencies and reduce or eliminate identified vulnerabilities. | H6: 12/24/2025: APIS is in the process of its initial authorization. Following the authorization of the system, all identified weakness/deficiencies will developed and tracked as POA&Ms in alignment with the Cyber Handbook. | I6: Implemented | J6: MET | K6: APIS_SSP_v1.1-10-31-2025.docx Assurit_Cyber_Handbook_v2.1-09-08-2025.docx
A7: Security Control Monitoring | B7: CA.L2-3.12.3 | C7: 3.12.3 [a] | D7: security controls are monitored on an ongoing basis to ensure the continued effectiveness of those controls. | E7: Examine: [SELECT FROM: Security planning policy; organizational procedures addressing system security plan development and implementation; procedures addressing system security plan reviews and updates; enterprise architecture documentation; system security plan; records of system security plan reviews and updates; other relevant documents or records]. | F7: Interview: [SELECT FROM: Personnel with security planning and system security plan implementation responsibilities; personnel with information security responsibilities]. | G7: Test: [SELECT FROM: Organizational processes for system security plan development, review, update, and approval; mechanisms supporting the system security plan]. | H7: 12/24/2025: The Assurit Cyber Handbook defines the requirement for continuously monitoring control effectiveness through operational activities that include adhoc assessments, change management reviews, and security monitoring (Logs). | I7: Implemented | J7: MET | K7: APIS_SSP_v1.1-10-31-2025.docx Assurit_Cyber_Handbook_v2.1-09-08-2025.docx
A8: System Security Plan | B8: CA.L2-3.12.4 | C8: 3.12.4 [a] | D8: a system security plan is developed. | E8: Examine: [SELECT FROM: Security planning policy; procedures addressing system security plan development and implementation; procedures addressing system security plan reviews and updates; enterprise architecture documentation; system security plan; records of system security plan reviews and updates; other relevant documents or records]. | F8: Interview: [SELECT FROM: Personnel with security planning and system security plan implementation responsibilities; personnel with information security responsibilities]. | G8: Test: [SELECT FROM: Organizational processes for system security plan development, review, update, and approval; mechanisms supporting the system security plan]. | H8: 12/24/2025: The APIS SSP has been developed in alignment with NIST 800-18. | I8: Implemented | J8: MET | K8: APIS_SSP_v1.1-10-31-2025.docx Assurit_Cyber_Handbook_v2.1-09-08-2025.docx
B9: CA.L2-3.12.4 | C9: 3.12.4 [b] | D9: the system boundary is described and documented in the system security plan. | H9: 12/24/2025: The APIS system boundary is described in section 2.6 of the SSP. | I9: Implemented | J9: MET | K9: APIS_SSP_v1.1-10-31-2025.docx Assurit_Cyber_Handbook_v2.1-09-08-2025.docx
B10: CA.L2-3.12.4 | C10: 3.12.4 [c] | D10: the system environment of operation is described and documented in the system security plan. | H10: 12/24/2025: The APIS system environment and operations is fully described in section 2 (and all sub sections within) of the SSP. | I10: Implemented | J10: MET | K10: APIS_SSP_v1.1-10-31-2025.docx Assurit_Cyber_Handbook_v2.1-09-08-2025.docx
B11: CA.L2-3.12.4 | C11: 3.12.4 [d] | D11: the security requirements identified and approved by the designated authority as non-applicable are identified. | H11: 12/24/2025: Controls that are identified as "Inherited" by the CSP has been identified by the SO/SA and approved by the AO. | I11: Implemented | J11: MET | K11: APIS_SSP_v1.1-10-31-2025.docx Assurit_Cyber_Handbook_v2.1-09-08-2025.docx
B12: CA.L2-3.12.4 | C12: 3.12.4 [e] | D12: the method of security requirement implementation is described and documented in the system security plan. | H12: 12/24/2025: The security practice implementation is described for each practice ID in alignment with NIST 800-171r2. The practice implementation statements have been described for each control under section 3.0 of the SSP. | I12: Implemented | J12: MET | K12: APIS_SSP_v1.1-10-31-2025.docx Assurit_Cyber_Handbook_v2.1-09-08-2025.docx
B13: CA.L2-3.12.4 | C13: 3.12.4 [f] | D13: the relationship with or connection to other systems is described and documented in the system security plan. | H13: 12/24/2025: The APIS system interconnections is outlined and described in section 2.10. | I13: Implemented | J13: MET | K13: APIS_SSP_v1.1-10-31-2025.docx Assurit_Cyber_Handbook_v2.1-09-08-2025.docx
B14: CA.L2-3.12.4 | C14: 3.12.4 [g] | D14: the frequency to update the system security plan is defined. | H14: 12/24/2025: The frequency of SSP updates is defined within the Cyber Handbook to occur at minimum annually or when a significant change occurs. | I14: Implemented | J14: MET | K14: APIS_SSP_v1.1-10-31-2025.docx Assurit_Cyber_Handbook_v2.1-09-08-2025.docx
B15: CA.L2-3.12.4 | C15: 3.12.4 [h] | D15: system security plan is updated with the defined frequency. | H15: 12/24/2025: The SSP is updated and version controlled (with dates) to ensure changes are captured and authorized. | I15: Implemented | J15: MET | K15: APIS_SSP_v1.1-10-31-2025.docx Assurit_Cyber_Handbook_v2.1-09-08-2025.docx

Sheet CM
A1: Control Name | B1: Control ID | C1: Procedure ID | D1: Assessment Objective/Determine if: | E1: EXAMINE | F1: INTERVIEW | G1: TEST | H1: Observation Statement | I1: Implementation Status | J1: Assessment Result | K1: Evidence/Artifacts
A2: System Baselining | B2: CM.L2-3.4.1 | C2: 3.4.1 [a] | D2: a baseline configuration is established. | E2: Examine: [SELECT FROM: Configuration management policy; procedures addressing the baseline configuration of the system; procedures addressing system inventory; system security plan; configuration management plan; system inventory records; inventory review and update records; enterprise architecture documentation; system design documentation; system architecture and configuration documentation; system configuration settings and associated documentation; change control records; system component installation records; system component removal records; other relevant documents or records]. | F2: Interview: [SELECT FROM: Personnel with configuration management responsibilities; personnel with responsibilities for establishing the system inventory; personnel with responsibilities for updating the system inventory; personnel with information security responsibilities; system or network administrators]. | G2: Test: [SELECT FROM: Organizational processes for managing baseline configurations; mechanisms supporting configuration control of the baseline configuration; organizational processes for developing and documenting an inventory of system components; organizational processes for updating inventory of system components; mechanisms supporting or implementing the system inventory; mechanisms implementing updating of the system inventory]. | H2: 12/30/2025: Secure baseline configurations are established for Windows 11 and applicable Azure/O365 services. Assurit aligns with DISA STIG and CIS Benchmarks for component hardening practices. Deviations to baselines are documented with proper justifications annotated. | I2: Implemented | J2: MET | K2: APIS_SSP_v1.1-10-31-2025.docx Assurit_Cyber_Handbook_v2.1-09-08-2025.docx U_MS_Windows_11_V2R5_STIG.zip
B3: CM.L2-3.4.1 | C3: 3.4.1 [b] | D3: the baseline configuration includes hardware, software, firmware, and documentation. | H3: 12/30/2025: Baseline configurations include Windows 11 and Azure/O365 services. Hardware and firmware are not included as they are fully managed by Microsoft as the CSP. | I3: Implemented | J3: MET | K3: APIS_SSP_v1.1-10-31-2025.docx Assurit_Cyber_Handbook_v2.1-09-08-2025.docx
B4: CM.L2-3.4.1 | C4: 3.4.1 [c] | D4: the baseline configuration is maintained (reviewed and updated) throughout the system development life cycle. | H4: 12/30/2025: Per the Assurit Cyber Handbook, baseline configurations are reviewed, at minimum, on an annual basis or when a significant environment change occurs. In addition, baselines are reviewed on a case-by-case basis when there are updates to DISA STIG and CIS benchmarks for applicability. | I4: Implemented | J4: MET | K4: APIS_SSP_v1.1-10-31-2025.docx Assurit_Cyber_Handbook_v2.1-09-08-2025.docx
B5: CM.L2-3.4.1 | C5: 3.4.1 [d] | D5: a system inventory is established. | H5: 12/30/2025: The system inventory is established and maintained within the Azure Government Portal which documents all virtual assets that comprises the system. AVD hosts are onboarded to Azure/Sentinel monitoring as a part of provisionining process to track components. | I5: Implemented | J5: MET | K5: APIS_SSP_v1.1-10-31-2025.docx Assurit_Cyber_Handbook_v2.1-09-08-2025.docx
B6: CM.L2-3.4.1 | C6: 3.4.1 [e] | D6: the system inventory includes hardware, software, firmware, and documentation. | H6: 12/30/2025: The system inventory is established and maintained within the Azure Government Portal which documents all virtual assets that comprises the system. In addition, the inventory can be referenced within the SSP. | I6: Implemented | J6: MET | K6: APIS_SSP_v1.1-10-31-2025.docx Assurit_Cyber_Handbook_v2.1-09-08-2025.docx
B7: CM.L2-3.4.1 | C7: 3.4.1 [f] | D7: the inventory is maintained (reviewed and updated) throughout the system development life cycle. | H7: 12/30/2025: The system inventory is maintained within the Azure Government Portal which is updated in-real time. | I7: Implemented | J7: MET | K7: APIS_SSP_v1.1-10-31-2025.docx Assurit_Cyber_Handbook_v2.1-09-08-2025.docx
A8: Security Configuration Enforcement | B8: CM.L2-3.4.2 | C8: 3.4.2 [a] | D8: security configuration settings for information technology products employed in the system are established and included in the baseline configuration. | E8: Examine: [SELECT FROM: Configuration management policy; baseline configuration; procedures addressing configuration settings for the system; configuration management plan; system security plan; system design documentation; system configuration settings and associated documentation; security configuration checklists; evidence supporting approved deviations from established configuration settings; change control records; system audit logs and records; other relevant documents or records]. | F8: Interview: [SELECT FROM: Personnel with security configuration management responsibilities; personnel with information security responsibilities; system or network administrators]. | G8: Test: [SELECT FROM: Organizational processes for managing configuration settings; mechanisms that implement, monitor, and/or control system configuration settings; mechanisms that identify and/or document deviations from established configuration settings; processes for managing baseline configurations; mechanisms supporting configuration control of baseline configurations]. | H8: 12/30/2025: Assurit aligns its component hardening standards to DISA STIG or CIS benchmarks, selecting the most stringent applicable baseline. For Windows 11 hosts, all baselines are configured within intune device configuration policies/scripts and are applied to the primary AVD resource group. | I8: Implemented | J8: MET | K8: APIS_SSP_v1.1-10-31-2025.docx CM.L2-3.4.2a1-01-03-2026.png CM.L2-3.4.2a2-01-03-2026.png CM.L2-3.4.2a3-01-03-2026.png
B9: CM.L2-3.4.2 | C9: 3.4.2 [b] | D9: security configuration settings for information technology products employed in the system are enforced. | H9: 12/30/2025: All Windows 11 baselines are enforced via intune management. Validation of enforcement is performed through SCC SCAP scans which meet an 88% score with 12% of settings that are not applicable or omitted. | I9: Implemented | J9: MET | K9: APIS_SSP_v1.1-10-31-2025.docx CM.L2-3.4.2b1-01-03-2026.png
A10: System Change Management | B10: CM.L2-3.4.3 | C10: 3.4.3 [a] | D10: changes to the system are tracked. | E10: Examine: [SELECT FROM: Configuration management policy; procedures addressing system configuration change control; configuration management plan; system architecture and configuration documentation; system security plan; change control records; system audit logs and records; change control audit and review reports; agenda/minutes from configuration change control oversight meetings; other relevant documents or records]. | F10: Interview: [SELECT FROM: Personnel with configuration change control responsibilities; personnel with information security responsibilities; system or network administrators; members of change control board or similar]. | G10: Test: [SELECT FROM: Organizational processes for configuration change control; mechanisms that implement configuration change control]. | H10: 12/30/2025: APIS system changes are tracked as internal change requests that are submitted via SharePoint, which are assigned a unique tracking ID, description, security impact, and approval. | I10: Implemented | J10: MET | K10: APIS_SSP_v1.1-10-31-2025.docx Assurit_Cyber_Handbook_v2.1-09-08-2025.docx
B11: CM.L2-3.4.3 | C11: 3.4.3 [b] | D11: changes to the system are reviewed. | H11: 12/30/2025: APIS system changes are reviewed by the AO/SO to ensure changes meet its objective and a Security Impact Analysis (SIA) has been completed. | I11: Implemented | J11: MET | K11: APIS_SSP_v1.1-10-31-2025.docx Assurit_Cyber_Handbook_v2.1-09-08-2025.docx
B12: CM.L2-3.4.3 | C12: 3.4.3 [c] | D12: changes to the system are approved or disapproved. | H12: 12/30/2025: APIS system changes are either approved or disapproved by the AO or SO. Disapproved changes are provided justifications for rejection. | I12: Implemented | J12: MET | K12: APIS_SSP_v1.1-10-31-2025.docx Assurit_Cyber_Handbook_v2.1-09-08-2025.docx
B13: CM.L2-3.4.3 | C13: 3.4.3 [d] | D13: changes to the system are logged. | H13: 12/30/2025: APIS system changes are tracked as internal change requests that are submitted via SharePoint, which are assigned a unique tracking ID, description, security impact, and approval. | I13: Implemented | J13: MET | K13: APIS_SSP_v1.1-10-31-2025.docx Assurit_Cyber_Handbook_v2.1-09-08-2025.docx
A14: Security Impact Analysis | B14: CM.L2-3.4.4 | C14: 3.4.4 [a] | D14: the security impact of changes to the system is analyzed prior to implementation. | E14: Examine: [SELECT FROM: Configuration management policy; procedures addressing security impact analysis for system changes; configuration management plan; security impact analysis documentation; system security plan; analysis tools and associated outputs; change control records; system audit logs and records; other relevant documents or records]. | F14: Interview: [SELECT FROM: Personnel with responsibility for conducting security impact analysis; personnel with information security responsibilities; system or network administrators]. | G14: Test: [SELECT FROM: Organizational processes for security impact analysis]. | H14: 12/30/2025: Security Impact Analysis (SIA) are completed by the submitter and reviewed/approved by the AO or SO prior to implementation. The SIA focuses on the impact to users, data, and/or security controls relevant to the change. | I14: Implemented | J14: MET | K14: APIS_SSP_v1.1-10-31-2025.docx Assurit_Cyber_Handbook_v2.1-09-08-2025.docx
A15: Access Restrictions for Change | B15: CM.L2-3.4.5 | C15: 3.4.5 [a] | D15: physical access restrictions associated with changes to the system are defined. | E15: Examine: [SELECT FROM: Configuration management policy; procedures addressing access restrictions for changes to the system; system security plan; configuration management plan; system design documentation; system architecture and configuration documentation; system configuration settings and associated documentation; logical access approvals; physical access approvals; access credentials; change control records; system audit logs and records; other relevant documents or records]. | F15: Interview: [SELECT FROM: Personnel with logical access control responsibilities; personnel with physical access control responsibilities; personnel with information security responsibilities; system or network administrators]. | G15: Test: [SELECT FROM: Organizational processes for managing access restrictions associated with changes to the system; mechanisms supporting, implementing, and enforcing access restrictions associated with changes to the system]. | H15: 12/30/2025: APIS is hosted entirely within the Microsoft Azure GCC High environment. Assurit inherits the physical access restrictions provided by Microsoft as the CSP. | I15: Implemented | J15: MET | K15: APIS_SSP_v1.1-10-31-2025.docx Assurit_Cyber_Handbook_v2.1-09-08-2025.docx
B16: CM.L2-3.4.5 | C16: 3.4.5 [b] | D16: physical access restrictions associated with changes to the system are documented. | I16: Implemented | J16: MET
B17: CM.L2-3.4.5 | C17: 3.4.5 [c] | D17: physical access restrictions associated with changes to the system are approved. | I17: Implemented | J17: MET
B18: CM.L2-3.4.5 | C18: 3.4.5 [d] | D18: physical access restrictions associated with changes to the system are enforced. | I18: Implemented | J18: MET
B19: CM.L2-3.4.5 | C19: 3.4.5 [e] | D19: logical access restrictions associated with changes to the system are defined. | H19: 12/30/2025: Logical access restrictions to APIS components are managed entirely through the Azure Government Portals. The requirements for physical and logical access restrictions are defined within the Cyber Handbook. | I19: Implemented | J19: MET | K19: APIS_SSP_v1.1-10-31-2025.docx Assurit_Cyber_Handbook_v2.1-09-08-2025.docx
B20: CM.L2-3.4.5 | C20: 3.4.5 [f] | D20: logical access restrictions associated with changes to the system are documented. | H20: 12/30/2025: Logical access restrictions to APIS components are managed entirely through the Azure Government Portals. Any changes to logical access to these portals are documented as a part of the Assurit change request process noted for CM.L2-3.4.3. | I20: Implemented | J20: MET | K20: APIS_SSP_v1.1-10-31-2025.docx Assurit_Cyber_Handbook_v2.1-09-08-2025.docx
B21: CM.L2-3.4.5 | C21: 3.4.5 [g] | D21: logical access restrictions associated with changes to the system are approved. | I21: Implemented | J21: MET
B22: CM.L2-3.4.5 | C22: 3.4.5 [h] | D22: logical access restrictions associated with changes to the system are enforced. | H22: 12/30/2025: Logical access restrictions to the Azure Government Portals is enforced through Entra ID and Conditional Access Policies defined for AC.L1-3.1.1. | I22: Implemented | J22: MET | K22: APIS_SSP_v1.1-10-31-2025.docx Assurit_Cyber_Handbook_v2.1-09-08-2025.docx
A23: Least Functionality | B23: CM.L2-3.4.6 | C23: 3.4.6 [a] | D23: essential system capabilities are defined based on the principle of least functionality. | E23: Examine: [SELECT FROM: Configuration management policy; configuration management plan; procedures addressing least functionality in the system; system security plan; system design documentation; system configuration settings and associated documentation; security configuration checklists; other relevant documents or records]. | F23: Interview: [SELECT FROM: Personnel with security configuration management responsibilities; personnel with information security responsibilities; system or network administrators]. | G23: Test: [SELECT FROM: Organizational processes prohibiting or restricting functions, ports, protocols, or services; mechanisms implementing restrictions or prohibition of functions, ports, protocols, or services]. | H23: 12/30/2025: Essential capabilities for APIS consists of the cloud infrastructure and AVDs. APIS is designed to securely store, process, and/or transmit CUI data in which only the minimum functionality is configured to support this. In addition, Assurit aligns with DISA STIG and CIS hardening standards to remove nonessential functions and to further secure the environment. | I23: Implemented | J23: MET | K23: APIS_SSP_v1.1-10-31-2025.docx Assurit_Cyber_Handbook_v2.1-09-08-2025.docx CM.L2-3.4.2a1-01-03-2026.png CM.L2-3.4.2a2-01-03-2026.png CM.L2-3.4.2a3-01-03-2026.png
B24: CM.L2-3.4.6 | C24: 3.4.6 [b] | D24: the system is configured to provide only the defined essential capabilities. | H24: 12/30/2025: APIS components are configured to only provide the minimum functionality to support the secure storage, processing, and/or transmission of CUI data to and from the environment. The Windows 11 AVDs are hardened to DISA STIG compliance in which configuration policies are implemented/enforced via Intune. The AVD Network Security Group (NSG) and Network Address Translation (NAT) Gateway are implemented to ensure the AVDs can access M365 services while remaining private within the APIS enclave. Section 2.11 of the SSP lists the ports, protocols, and services that are configured for the NSG to support network connectivity. In addition, Conditional Access (CA) policies are configured to restrict access to Assurit's M365 services from the NAT gateway's public IP address. | I24: Implemented | J24: MET | K24: APIS_SSP_v1.1-10-31-2025.docx Assurit_Cyber_Handbook_v2.1-09-08-2025.docx CM.L2-3.4.6b1-01-03-2026.png
A25: Nonessential Functionality | B25: CM.L2-3.4.7 | C25: 3.4.7 [a] | D25: essential programs are defined. | E25: Examine: [SELECT FROM: Configuration management policy; procedures addressing least functionality in the system; configuration management plan; system security plan; system design documentation; security configuration checklists; system configuration settings and associated documentation; specifications for preventing software program execution; documented reviews of programs, functions, ports, protocols, and/or services; change control records; system audit logs and records; other relevant documents or records]. | F25: Interview: [SELECT FROM: Personnel with responsibilities for reviewing programs, functions, ports, protocols, and services on the system; personnel with information security responsibilities; system or network administrators; system developers]. | G25: Test: [SELECT FROM: Organizational processes for reviewing and disabling nonessential programs, functions, ports, protocols, or services; mechanisms implementing review and handling of nonessential programs, functions, ports, protocols, or services; organizational processes preventing program execution on the system; organizational processes for software program usage and restrictions; mechanisms supporting or implementing software program usage and restrictions; mechanisms preventing program execution on the system]. | H25: 12/30/2025: Essential programs for APIS are defined as the following: -Single-Session Windows 11 AVD -Microsoft M365 services (Assurit-specific) to include Word, Excel, PowerPoint, Exchange, SharePoint, and OneDrive -Microsoft Edge Browser | I25: Implemented | J25: MET | K25: APIS_SSP_v1.1-10-31-2025.docx Assurit_Cyber_Handbook_v2.1-09-08-2025.docx
B26: CM.L2-3.4.7 | C26: 3.4.7 [b] | D26: the use of nonessential programs is defined. | H26: 12/30/2025: Assurit defines the list of non-essential programs within the Cyber Handbook and prohibits their use unless approved by the AO or SO. | I26: Implemented | J26: MET | K26: APIS_SSP_v1.1-10-31-2025.docx Assurit_Cyber_Handbook_v2.1-09-08-2025.docx
B27: CM.L2-3.4.7 | C27: 3.4.7 [c] | D27: the use of nonessential programs is restricted, disabled, or prevented as defined. | H27: 12/30/2025: Assurit implements an Intune Configuration Policy which installs only authorized M365 services/software. Furthermore, the intune device configuration policies restricts user-installed programs in alignment with the Windows 11 DISA STIG. | I27: Implemented | J27: MET | K27: APIS_SSP_v1.1-10-31-2025.docx Assurit_Cyber_Handbook_v2.1-09-08-2025.docx CM.L2-3.4.2a1-01-03-2026.png CM.L2-3.4.2a2-01-03-2026.png CM.L2-3.4.2a3-01-03-2026.png
B28: CM.L2-3.4.7 | C28: 3.4.7 [d] | D28: essential functions are defined. | H28: 12/30/2025: Essential functions are defined within section 2.11 of the SSP. These services are deemed essential to support the company's CUI objectives and protection. | I28: Implemented | J28: MET | K28: APIS_SSP_v1.1-10-31-2025.docx Assurit_Cyber_Handbook_v2.1-09-08-2025.docx
B29: CM.L2-3.4.7 | C29: 3.4.7 [e] | D29: the use of nonessential functions is defined. | H29: 12/30/2025: Non-essential functions are defined within the Cyber Handbook. The use of non-essential functions are prohibited and must be requested/approved by the AO or SO. | I29: Implemented | J29: MET | K29: APIS_SSP_v1.1-10-31-2025.docx Assurit_Cyber_Handbook_v2.1-09-08-2025.docx
B30: CM.L2-3.4.7 | C30: 3.4.7 [f] | D30: the use of nonessential functions is restricted, disabled, or prevented as defined. | H30: 12/30/2025: Only essential functions are configured and implemented through the NSG rules. | I30: Implemented | J30: MET | K30: APIS_SSP_v1.1-10-31-2025.docx Assurit_Cyber_Handbook_v2.1-09-08-2025.docx CM.L2-3.4.6b1-01-03-2026.png
B31: CM.L2-3.4.7 | C31: 3.4.7 [g] | D31: essential ports are defined. | H31: 12/30/2025: Essential ports, protocols, and services are defined within section 2.11 of the SSP. These services are deemed essential to support the company's CUI objectives and protection. | I31: Implemented | J31: MET | K31: APIS_SSP_v1.1-10-31-2025.docx Assurit_Cyber_Handbook_v2.1-09-08-2025.docx
B32: CM.L2-3.4.7 | C32: 3.4.7 [h] | D32: the use of nonessential ports is defined. | H32: 12/30/2025: Non-essential ports, protocols, and services are defined within the Cyber Handbook. The use of non-essential functions are prohibited and must be requested/approved by the AO or SO. | I32: Implemented | J32: MET | K32: APIS_SSP_v1.1-10-31-2025.docx Assurit_Cyber_Handbook_v2.1-09-08-2025.docx
B33: CM.L2-3.4.7 | C33: 3.4.7 [i] | D33: the use of nonessential ports is restricted, disabled, or prevented as defined. | H33: 12/30/2025: Only essential ports, protocols, and services are configured and implemented through the NSG rules. | I33: Implemented | J33: MET | K33: APIS_SSP_v1.1-10-31-2025.docx Assurit_Cyber_Handbook_v2.1-09-08-2025.docx CM.L2-3.4.6b1-01-03-2026.png
B34: CM.L2-3.4.7 | C34: 3.4.7 [j] | D34: essential protocols are defined. | H34: 12/30/2025: Essential ports, protocols, and services are defined within section 2.11 of the SSP. These services are deemed essential to support the company's CUI objectives and protection. | I34: Implemented | J34: MET | K34: APIS_SSP_v1.1-10-31-2025.docx Assurit_Cyber_Handbook_v2.1-09-08-2025.docx
B35: CM.L2-3.4.7 | C35: 3.4.7 [k] | D35: the use of nonessential protocols is defined. | H35: 12/30/2025: Non-essential ports, protocols, and services are defined within the Cyber Handbook. The use of non-essential functions are prohibited and must be requested/approved by the AO or SO. | I35: Implemented | J35: MET | K35: APIS_SSP_v1.1-10-31-2025.docx Assurit_Cyber_Handbook_v2.1-09-08-2025.docx
B36: CM.L2-3.4.7 | C36: 3.4.7 [l] | D36: the use of nonessential protocols is restricted, disabled, or prevented as defined. | H36: 12/30/2025: Only essential ports, protocols, and services are configured and implemented through the NSG rules. | I36: Implemented | J36: MET | K36: APIS_SSP_v1.1-10-31-2025.docx Assurit_Cyber_Handbook_v2.1-09-08-2025.docx
B37: CM.L2-3.4.7 | C37: 3.4.7 [m] | D37: essential services are defined. | H37: 12/30/2025: Essential ports, protocols, and services are defined within section 2.11 of the SSP. These services are deemed essential to support the company's CUI objectives and protection. | I37: Implemented | J37: MET | K37: APIS_SSP_v1.1-10-31-2025.docx Assurit_Cyber_Handbook_v2.1-09-08-2025.docx
... B39: CM.L2-3.4.7 | C39: 3.4.7 [o] | D39: the use of nonessential services is restricted, disabled, or prevented as defined. | H39: 12/30/2025: Only essential ports, protocols, and services are configured and implemented through the NSG rules. | I39: Implemented | J39: MET | K39: APIS_SSP_v1.1-10-31-2025.docx Assurit_Cyber_Handbook_v2.1-09-08-2025.docx CM.L2-3.4.6b1-01-03-2026.png
A40: Application Execution Policy | B40: CM.L2-3.4.8 | C40: 3.4.8 [a] | D40: a policy specifying whether whitelisting or blacklisting is to be implemented is specified. | E40: Examine: [SELECT FROM: Configuration management policy; procedures addressing least functionality in the system; system security plan; configuration management plan; system design documentation; system configuration settings and associated documentation; list of software programs not authorized to execute on the system; list of software programs authorized to execute on the system; security configuration checklists; review and update records associated with list of authorized or unauthorized software programs; change control records; system audit logs and records; other relevant documents or records]. | F40: Interview: [SELECT FROM: Personnel with responsibilities for identifying software authorized or not authorized to execute on the system; personnel with information security responsibilities; system or network administrators]. | G40: Test: [SELECT FROM: Organizational process for identifying, reviewing, and updating programs authorized or not authorized to execute on the system; process for implementing blacklisting or whitelisting; mechanisms supporting or implementing blacklisting or whitelisting]. | H40: 12/30/2025: Assurit defines within the Cyber Handbook, the use of whitelisting to permit the use of authorized applications. | I40: Implemented | J40: MET | K40: Assurit_Cyber_Handbook_v2.1-09-08-2025.docx
B41: CM.L2-3.4.8 | C41: 3.4.8 [b] | D41: the software allowed to execute under whitelisting or denied use under blacklisting is specified. | H41: 12/30/2025: Permitted software that are authorized for execution are Microsoft M365/Office programs and Edge browser. | I41: Implemented | J41: MET | K41: APIS_SSP_v1.1-10-31-2025.docx CM.L2-3.4.8b1-01-03-2026.png CM.L2-3.4.8b2-01-03-2026.png CM.L2-3.4.9b1-01-03-2026.png CM.L2-3.4.9b2-01-03-2026.png
B42: CM.L2-3.4.8 | C42: 3.4.8 [c] | D42: whitelisting to allow the execution of authorized software or blacklisting to prevent the use of unauthorized software is implemented as specified. | H42: 12/30/2025: Application execution for the Windows 11 AVDs are controlled through (2) primary mechanisms: 1. Conditional Access Policies: Only permits APIS AVDs to connect to Assurit's M365 services through the static NAT gateway. 2. Attack Surface Reduction (ASR) Rules: Prevents the execution or installation of software that are not Microsoft products. | I42: Implemented | J42: MET | K42: APIS_SSP_v1.1-10-31-2025.docx
A43: User-Installed Software | B43: CM.L2-3.4.9 | C43: 3.4.9 [a] | D43: a policy for controlling the installation of software by users is established. | E43: Examine: [SELECT FROM: Configuration management policy; procedures addressing user installed software; configuration management plan; system security plan; system design documentation; system configuration settings and associated documentation; list of rules governing user-installed software; system monitoring records; system audit logs and records; continuous monitoring strategy; other relevant documents or records]. | F43: Interview: [SELECT FROM: Personnel with responsibilities for governing user-installed software; personnel operating, using, or maintaining the system; personnel monitoring compliance with user-installed software policy; personnel with information security responsibilities; system or network administrators]. | G43: Test: [SELECT FROM: Organizational processes governing user-installed software on the system; mechanisms enforcing rules or methods for governing the installation of software by users; mechanisms monitoring policy compliance]. | H43: 01/03/2026: Assurit establishes policy restrictions for user-installed software within the Cyber Handbook. Users are restricted for installing software on assigned AVDs. All software installations must be performed through Intune or manually by an authorized administrator. Only authorized software is permitted for installation. | I43: Implemented | J43: MET | K43: Assurit_Cyber_Handbook_v2.1-09-08-2025.docx
B44: CM.L2-3.4.9 | C44: 3.4.9 [b] | D44: installation of software by users is controlled based on the established policy. | H44: 01/03/2026: User installation is restricted through ASR and intune device configuration policies. ASR prevents the installation of software downloaded from the internet or webmail. Installations require elevated privileges which are not assigned to normal users. | I44: Implemented | J44: MET | K44: APIS_SSP_v1.1-10-31-2025.docx CM.L2-3.4.8b1-01-03-2026.png CM.L2-3.4.8b2-01-03-2026.png CM.L2-3.4.9b1-01-03-2026.png CM.L2-3.4.9b2-01-03-2026.png
B45: CM.L2-3.4.9 | C45: 3.4.9 [c] | D45: installation of software by users is monitored. | H45: 01/03/2026: Software installation is logged within Windows events and forwarded to Sentinel for monitoring. | I45: Implemented | J45: MET | K45: APIS_SSP_v1.1-10-31-2025.docx

Sheet IA
A1: Control Name | B1: Control ID | C1: Procedure ID | D1: Assessment Objective/Determine if: | E1: EXAMINE | F1: INTERVIEW | G1: TEST | H1: Observation Statement | I1: Implementation Status | J1: Assessment Result | K1: Evidence/Artifacts
A2: Identification | B2: IA.L1-3.5.1 | C2: 3.5.1 [a] | D2: system users are identified. | E2: Examine: [SELECT FROM: Identification and authentication policy; procedures addressing user identification and authentication; system security plan, system design documentation; system configuration settings and associated documentation; system audit logs and records; list of system accounts; other relevant documents or records]. | F2: Interview: [SELECT FROM: Personnel with system operations responsibilities; personnel with information security responsibilities; system or network administrators; personnel with account management responsibilities; system developers]. | G2: Test: [SELECT FROM: Organizational processes for uniquely identifying and authenticating users; mechanisms supporting or implementing identification and authentication capability]. | H2: 12/27/2025: All system users are identified by their assigned Entra ID account. Accounts are provisioned by the SA and follow a naming convention that uniquely identifies the user (first.last@assurit.onmicrosoft.us). | I2: Implemented | J2: MET | K2: APIS_SSP_v1.1-10-31-2025.docx IA.L1-3.5.1a1-12-27-2025.png IA.L1-3.5.1a2-12-27-2025.png IA.L1-3.5.1a3-12-27-2025.png
B3: IA.L1-3.5.1 | C3: 3.5.1 [b] | D3: processes acting on behalf of users are identified. | H3: 12/27/2025: Windows OS application processes acting on behalf of users are uniquely identified and managed through the operating system. APIS does not utilize any other 3rd party applications outside of what is provided through the Azure GCC/Microsoft ecosystem. | I3: Implemented | J3: MET | K3: APIS_SSP_v1.1-10-31-2025.docx
B4: IA.L1-3.5.1 | C4: 3.5.1 [c] | D4: devices accessing the system are identified. | H4: 12/27/2025: BYOD devices accessing the APIS AVDs/Azure Portals are uniquely identified by their IP address. APIS user IP addresses are whitelisted within Entra ID and are restricted on what they can access based on their roles (privileged/non-privileged). | I4: Implemented | J4: MET | K4: APIS_SSP_v1.1-10-31-2025.docx IA.L1-3.5.1c1-12-27-2025.png
A5: Authentication | B5: IA.L1-3.5.2 | C5: 3.5.2 [a] | D5: the identity of each user is authenticated or verified as a prerequisite to system access. | E5: Examine: [SELECT FROM: Identification and authentication policy; system security plan; procedures addressing authenticator management; procedures addressing user identification and authentication; system design documentation; list of system authenticator types; system configuration settings and associated documentation; change control records associated with managing system authenticators; system audit logs and records; other relevant documents or records]. | F5: Interview: [SELECT FROM: Personnel with authenticator management responsibilities; personnel with information security responsibilities; system or network administrators]. | G5: Test: [SELECT FROM: Mechanisms supporting or implementing authenticator management capability]. | H5: 12/27/2025: All users are authenticated via Entra ID prior to being granted access to their AVDs or Azure Portals. Users are authenticated through the assigned username (user principal name), password, and MFA challenge. | I5: Implemented | J5: MET | K5: APIS_SSP_v1.1-10-31-2025.docx IA.L1-3.5.1a1-12-27-2025.png IA.L1-3.5.1a2-12-27-2025.png IA.L1-3.5.1a3-12-27-2025.png
B6: IA.L1-3.5.2 | C6: 3.5.2 [b] | D6: the identity of each process acting on behalf of a user is authenticated or verified as a prerequisite to system access. | H6: 12/27/2025: Windows OS application processes acting on behalf of users are authenticated and managed through the operating system. APIS does not utilize any other 3rd party applications outside of what is provided through the Azure GCC/Microsoft ecosystem that requires authentication on behalf of users. | I6: Implemented | J6: MET | K6: APIS_SSP_v1.1-10-31-2025.docx
B7: IA.L1-3.5.2 | C7: 3.5.2 [c] | D7: the identity of each device accessing or connecting to the system is authenticated or verified as a prerequisite to system access. | H7: 12/27/2025: BYOD devices accessing the APIS AVDs/Azure Portals are authenticated/enforced by their IP address. APIS user IP addresses are whitelisted within Entra ID and enforced through Conditional Access policies. | I7: Implemented | J7: MET | K7: APIS_SSP_v1.1-10-31-2025.docx IA.L1-3.5.2c1-12-27-2025.png IA.L1-3.5.2c2-12-27-2025.png
A8: Multifactor Authentication | B8: IA.L2-3.5.3 | C8: 3.5.3 [a] | D8: privileged accounts are identified. | E8: Examine: [SELECT FROM: Identification and authentication policy; procedures addressing user identification and authentication; system security plan; system design documentation; system configuration settings and associated documentation; system audit logs and records; list of system accounts; other relevant documents or records]. | F8: Interview: [SELECT FROM: Personnel with system operations responsibilities; personnel with account management responsibilities; personnel with information security responsibilities; system or network administrators; system developers]. | G8: Test: [SELECT FROM: Mechanisms supporting or implementing multifactor authentication capability]. | H8: 12/27/2025: Privileged accounts are identified as System Administrators (SA). SA accounts are identified through their Entra ID group membership which are assigned the "APIS-Admins" group. | I8: Implemented | J8: MET | K8: APIS_SSP_v1.1-10-31-2025.docx IA.L2-3.5.3a1-12-27-2025.png
B9: IA.L2-3.5.3 | C9: 3.5.3 [b] | D9: multifactor authentication is implemented for local access to privileged accounts. | H9: 12/27/2025: The local admin account (AVD Windows) can only be access once a privileged user has connected to their assigned VM. All privileged users are required to connect via the RDP web client which requires MFA prior to granting access. | I9: Implemented | J9: MET | K9: APIS_SSP_v1.1-10-31-2025.docx
B10: IA.L2-3.5.3 | C10: 3.5.3 [c] | D10: multifactor authentication is implemented for network access to privileged accounts. | H10: 12/27/2025: All privileged and non-privileged users are required to connect via the RDP web client which requires MFA prior to granting access. | I10: Implemented | J10: MET | K10: APIS_SSP_v1.1-10-31-2025.docx IA.L2-3.5.3c1-12-27-2025.png IA.L2-3.5.3c2-12-27-2025.png IA.L2-3.5.3c3-12-27-2025.png IA.L2-3.5.3c4-12-27-2025.png
B11: IA.L2-3.5.3 | C11: 3.5.3 [d] | D11: multifactor authentication is implemented for network access to non-privileged accounts. | I11: Implemented | J11: MET
A12: Replay-Resistant Authentication | B12: IA.L2-3.5.4 | C12: 3.5.4 [a] | D12: replay-resistant authentication mechanisms are implemented for network account access to privileged and non-privileged accounts. | E12: Examine: [SELECT FROM: Identification and authentication policy; procedures addressing user identification and authentication; system security plan; system design documentation; system configuration settings and associated documentation; system audit logs and records; list of privileged system accounts; other relevant documents or records]. | F12: Interview: [SELECT FROM: Personnel with system operations responsibilities; personnel with account management responsibilities; personnel with information security responsibilities; system or network administrators; system developers]. | G12: Test: [SELECT FROM: Mechanisms supporting or implementing identification and authentication capability or replay resistant authentication mechanisms]. | H12: 12/27/2025: Assurit implements Microsoft Authenticator for all MFA users. SMS MFA is only available to select admins to ensure the company is never locked out of the portal. | I12: Implemented | J12: MET | K12: IA.L2-3.5.4a1-12-27-2025.png IA.L2-3.5.4a2-12-27-2025.png IA.L2-3.5.4a3-12-27-2025.png
A13: Identifier Reuse | B13: IA.L2-3.5.5 | C13: 3.5.5 [a] | D13: a period within which identifiers cannot be reused is defined. | E13: Examine: [SELECT FROM: Identification and authentication policy; procedures addressing identifier management; procedures addressing account management; system security plan; system design documentation; system configuration settings and associated documentation; list of system accounts; list of identifiers generated from physical access control devices; other relevant documents or records]. | F13: Interview: [SELECT FROM: Personnel with identifier management responsibilities; personnel with information security responsibilities; system or network administrators; system developers]. | G13: Test: [SELECT FROM: Mechanisms supporting or implementing identifier management]. | H13: 12/27/2025: Assurit defines the identifier reuse policy requirements for (30) days following deletion from the system. In addition, disabled identifiers are prohibited from being re-assigned. | I13: Implemented | J13: MET | K13: APIS_SSP_v1.1-10-31-2025.docx Assurit_Cyber_Handbook_v2.1-09-08-2025.docx
B14: IA.L2-3.5.5 | C14: 3.5.5 [b] | D14: reuse of identifiers is prevented within the defined period. | H14: 12/27/2025: Assurit solely utilizes Entra ID for identifiers. Entra ID enforces identifier reuse protections through built-in lifecycle controls. When an account is deleted, its identifiers (such as UPN and email address) are retained during a mandatory soft-delete period, preventing immediate reuse for 30 days (https://learn.microsoft.com/en-us/entra/architecture/recover-from-deletions?utm_source=chatgpt.com). Object identifiers are globally unique and never reassigned. For hybrid identities, immutable identifiers bind cloud accounts to on-premises objects, preventing reassociation. These protections are enforced by the Entra ID service and are not configurable by tenant administrators. | I14: Implemented | J14: MET | K14: APIS_SSP_v1.1-10-31-2025.docx https://learn.microsoft.com/en-us/entra/architecture/recover-from-deletions?utm_source=chatgpt.com
A15: Identifier Handling | B15: IA.L2-3.5.6 | C15: 3.5.6 [a] | D15: a period of inactivity after which an identifier is disabled is defined. | E15: Examine: [SELECT FROM: Identification and authentication policy; procedures addressing identifier management; procedures addressing account management; system security plan; system design documentation; system configuration settings and associated documentation; list of system accounts; list of identifiers generated from physical access control devices; other relevant documents or records]. | F15: Interview: [SELECT FROM: Personnel with identifier management responsibilities; personnel with information security responsibilities; system or network administrators; system developers]. | G15: Test: [SELECT FROM: Mechanisms supporting or implementing identifier management]. | H15: 01/03/2026: Assurit defines a (30) day inactivity period for APIS accounts. Accounts that exceed the (30) day period are subject to deactivation and must be re-approved prior to reinstatement. | I15: Implemented | J15: MET | K15: Assurit_Cyber_Handbook_v2.1-09-08-2025.docx
B16: IA.L2-3.5.6 | C16: 3.5.6 [b] | D16: identifiers are disabled after the defined period of inactivity. | H16: 01/03/2026: Assurit implements "Access Reviews" via Entra ID. Reviews are prompted monthly in which failure to login or respond results in the removal of the user's APIS access. | I16: Implemented | J16: MET | K16: IA.L1-3.5.6b1-01-03-2026.png IA.L1-3.5.6b2-01-03-2026.png IA.L1-3.5.6b3-01-03-2026.png
A17: Password Complexity | B17: IA.L2-3.5.7 | C17: 3.5.7 [a] | D17: password complexity requirements are defined. | E17: Examine: [SELECT FROM: Identification and authentication policy; password policy; procedures addressing authenticator management; system security plan; system configuration settings and associated documentation; system design documentation; password configurations and associated documentation; other relevant documents or records]. | F17: Interview: [SELECT FROM: Personnel with authenticator management responsibilities; personnel with information security responsibilities; system or network administrators; system developers]. | G17: Test: [SELECT FROM: Mechanisms supporting or implementing password-based authenticator management capability]. | H17: 12/27/2025: Password complexity requirements are defined within the Cyber Handbook as follows: Passwords for all user and administrative accounts shall: o Be at least 8 characters in length. o Include at least one uppercase letter, one lowercase letter, one number, and one special character. | I17: Implemented | J17: MET | K17: Assurit_Cyber_Handbook_v2.1-09-08-2025.docx
B18: IA.L2-3.5.7 | C18: 3.5.7 [b] | D18: password change of character requirements are defined. | H18: 12/27/2025: Password change requirements are defined within the Cyber Handbook as follows: III. Passwords shall be changed at least every 6 months. | I18: Implemented | J18: MET | K18: Assurit_Cyber_Handbook_v2.1-09-08-2025.docx
B19: IA.L2-3.5.7 | C19: 3.5.7 [c] | D19: minimum password complexity requirements as defined are enforced when new passwords are created. | H19: 12/27/2025: Microsoft Entra ID enforces a built-in, tenant-wide password policy for all cloud-only user accounts. Password complexity requirements are enforced directly by the Entra ID service and cannot be modified or weakened by tenant administrators. This policy requires a minimum password length of eight (8) characters and evaluates password strength using entropy-based analysis, Microsoft-maintained banned password lists, and optional tenant-defined custom banned passwords. Passwords that do not meet these requirements are rejected at the time of creation, change, or reset. For local AVD accounts (Windows), the password complexity is configured and enforced through Intune as a DISA STIG requirement. | I19: Implemented | J19: MET | K19: APIS_SSP_v1.1-10-31-2025.docx https://learn.microsoft.com/en-us/entra/identity/authentication/concept-password-ban-bad-combined-policy IA.L1-3.5.7c1-12-27-2025.png
B20: IA.L2-3.5.7 | C20: 3.5.7 [d] | D20: minimum password change of character requirements as defined are enforced when new passwords are created. | H20: 12/27/2025: Microsoft Entra ID does not provide a configurable setting to enforce mandatory periodic password changes for cloud-only users. This design aligns with modern authentication guidance, including NIST SP 800-63B, which discourages arbitrary password rotation in favor of stronger controls such as multifactor authentication, weak-password blocking, and compromise detection. As a result, the Entra ID portal does not expose a password expiration or change-frequency policy for cloud-managed identities. Password changes occur only when initiated by the user, required by an administrator, or triggered by suspected credential compromise. For local AVD accounts (Windows), the password expiration is omitted as the local admin account is only known by a single administrator. In addition, the password complexity is set to +30 characters. | I20: Implemented | J20: MET | K20: APIS_SSP_v1.1-10-31-2025.docx https://learn.microsoft.com/en-us/entra/identity/authentication/concept-sspr-policy?tabs=ms-powershell IA.L1-3.5.7c1-12-27-2025.png
A21: Password Reuse | B21: IA.L2-3.5.8 | C21: 3.5.8 [a] | D21: the number of generations during which a password cannot be reused is specified. | E21: Examine: [SELECT FROM: Identification and authentication policy; password policy; procedures addressing authenticator management; system security plan; system design documentation; system configuration settings and associated documentation; password configurations and associated documentation; other relevant documents or records]. | F21: Interview: [SELECT FROM: Personnel with authenticator management responsibilities; personnel with information security responsibilities; system or network administrators; system developers]. | G21: Test: [SELECT FROM: Mechanisms supporting or implementing password-based authenticator management capability]. | H21: 12/27/2025: Assurit defines the password reuse requirement within the Cyber Handbook as follows: I. Users shall not reuse any of their last 10 unique passwords. | I21: Implemented | J21: MET | K21: Assurit_Cyber_Handbook_v2.1-09-08-2025.docx
B22: IA.L2-3.5.8 | C22: 3.5.8 [b] | D22: reuse of passwords is prohibited during the specified number of generations. | H22: 12/27/2025: Password reuse protections are enforced by the Entra ID service through internal password history controls and banned password evaluation. The length of password history and reuse thresholds are not configurable by tenant administrators and are enforced as part of Microsoft’s service-level security baseline. For local AVD accounts (Windows), the password reuse restrictions is configured and enforced through Intune as a DISA STIG requirement. | I22: Implemented | J22: MET | K22: APIS_SSP_v1.1-10-31-2025.docx IA.L1-3.5.7c1-12-27-2025.png
A23: Temporary Passwords | B23: IA.L2-3.5.9 | C23: 3.5.9 [a] | D23: an immediate change to a permanent password is required when a temporary password is used for system logon. | E23: Examine: [SELECT FROM: Identification and authentication policy; password policy; procedures addressing authenticator management; system security plan; system configuration settings and associated documentation; system design documentation; password configurations and associated documentation; other relevant documents or records]. | F23: Interview: [SELECT FROM: Personnel with authenticator management responsibilities; personnel with information security responsibilities; system or network administrators; system developers]. | G23: Test: [SELECT FROM: Mechanisms supporting or implementing password-based authenticator management capability]. | H23: 01/03/2026: Assurit utilizes the Temporary Access Password (TAP) authentication method (Entra ID) when issuing temporary passwords to uses. TAP authentication can only be used upon intial login and must be changed thereafter. | I23: Implemented | J23: MET | K23: APIS_SSP_v1.1-10-31-2025.docx Assurit_Cyber_Handbook_v2.1-09-08-2025.docx IA.L1-3.5.9a1-01-03-2026.png
A24: Cryptographically-Protected Passwords | B24: IA.L2-3.5.10 | C24: 3.5.10 [a] | D24: passwords are cryptographically protected in storage. | E24: Examine: [SELECT FROM: Identification and authentication policy; password policy; procedures addressing authenticator management; system security plan; system configuration settings and associated documentation; system design documentation; password configurations and associated documentation; other relevant documents or records]. | F24: Interview: [SELECT FROM: Personnel with authenticator management responsibilities; personnel with information security responsibilities; system or network administrators; system developers]. | G24: Test: [SELECT FROM: Mechanisms supporting or implementing password-based authenticator management capability]. | H24: 01/03/2026: Microsoft Entra ID protects user passwords through service-level cryptographic controls that ensure passwords are never stored or transmitted in plaintext. Passwords are processed using industry-standard, one-way cryptographic hashing algorithms with salting and are stored in a non-reversible form within Microsoft’s identity infrastructure. At no time are tenant administrators or Microsoft personnel able to retrieve user passwords in cleartext. All authentication traffic between clients and Microsoft Entra ID is protected using Transport Layer Security (TLS), ensuring passwords and authentication tokens are encrypted in transit and protected against interception or tampering. Entra ID additionally applies continuous monitoring, anomaly detection, and secure credential handling practices as part of Microsoft’s cloud security baseline. These protections are enforced by the Microsoft Entra ID service and are not configurable by tenant administrators | I24: Implemented | J24: MET | K24: APIS_SSP_v1.1-10-31-2025.docx Assurit_Cyber_Handbook_v2.1-09-08-2025.docx https://learn.microsoft.com/en-us/entra/architecture/security-operations-introduction
B25: IA.L2-3.5.10 | C25: 3.5.10 [b] | D25: passwords are cryptographically protected in transit. | I25: Implemented | J25: MET | K25: APIS_SSP_v1.1-10-31-2025.docx Assurit_Cyber_Handbook_v2.1-09-08-2025.docx https://learn.microsoft.com/azure/security/fundamentals/encryption-overview#encryption-in-transit
A26: Obscure Feedback | B26: IA.L2-3.5.11 | C26: 3.5.11 [a] | D26: authentication information is obscured during the authentication process. | E26: Examine: [SELECT FROM: Identification and authentication policy; procedures addressing authenticator feedback; system security plan; system design documentation; system configuration settings and associated documentation; system audit logs and records; other relevant documents or records]. | F26: Interview: [SELECT FROM: Personnel with information security responsibilities; system or network administrators; system developers]. | G26: Test: [SELECT FROM: Mechanisms supporting or implementing the obscuring of feedback of authentication information during authentication]. | H26: 01/03/2026: All authentication sequences are re-directed to login.microsoftonline.us in which password are obscured by default when entering them. | I26: Implemented | J26: MET | K26: APIS_SSP_v1.1-10-31-2025.docx IA.L1-3.5.11a1-01-03-2026.png

Sheet IR
A1: Control Name | B1: Control ID | C1: Procedure ID | D1: Assessment Objective/Determine if: | E1: EXAMINE | F1: INTERVIEW | G1: TEST | H1: Observation Statement | I1: Implementation Status | J1: Assessment Result | K1: Evidence/Artifacts
A2: Incident Handling | B2: IR.L2-3.6.1 | C2: 3.6.1 [a] | D2: an operational incident-handling capability is established. | E2: Examine: [SELECT FROM: Incident response policy; contingency planning policy; procedures addressing incident handling; procedures addressing incident response assistance; incident response plan; contingency plan; system security plan; procedures addressing incident response training; incident response training curriculum; incident response training materials; incident response training records; other relevant documents or records]. | F2: Interview: [SELECT FROM: Personnel with incident handling responsibilities; personnel with contingency planning responsibilities; personnel with incident response training and operational responsibilities; personnel with incident response assistance and support responsibilities; personnel with access to incident response support and assistance capability; personnel with information security responsibilities]. | G2: Test: [SELECT FROM: Incident-handling capability for the organization; organizational processes for incident response assistance; mechanisms supporting or implementing incident response assistance]. | H2: 01/08/2025: Assurit implements an incident handling capability for APIS that includes preparation, detection, analysis, containment, eradication, and recovery activities for security incidents involving CUI. Incident handling procedures are formally documented and define roles, responsibilities, escalation paths, and coordination requirements applicable to APIS resources. APIS leverages Microsoft Sentinel as the centralized security information and event management platform to aggregate, correlate, and analyze security-relevant logs and alerts from system components. Microsoft Defender for Endpoint is deployed on all AVD session hosts to provide continuous endpoint monitoring, threat detection, and alerting. Microsoft Purview is used to support visibility into data-related events and potential data handling incidents involving CUI. These tools collectively enable timely detection and analysis of potential security incidents. When a potential incident is identified, Assurit personnel follow documented incident response procedures to validate the event, determine scope and impact, and initiate containment actions. Containment activities may include isolating affected endpoints, restricting user access, and blocking malicious activity. Evidence relevant to the incident is preserved to support investigation and reporting requirements. Recovery activities are performed to restore affected systems to an operational state following containment and remediation. Incident handling activities and outcomes are reviewed, and lessons learned are incorporated into updates to procedures, configurations, or controls as appropriate. These practices ensure that incidents affecting APIS are consistently identified, handled, and resolved in a manner that protects CUI and supports system resilience. | I2: Implemented | J2: MET | K2: APIS_SSP_v1.1-10-31-2025.docx Assurit_Cyber_Handbook_v2.1-09-08-2025.docx
B3: IR.L2-3.6.1 | C3: 3.6.1 [b] | D3: the operational incident-handling capability includes preparation. | I3: Implemented | J3: MET
B4: IR.L2-3.6.1 | C4: 3.6.1 [c] | D4: the operational incident-handling capability includes detection. | I4: Implemented | J4: MET
B5: IR.L2-3.6.1 | C5: 3.6.1 [d] | D5: the operational incident-handling capability includes analysis. | I5: Implemented | J5: MET
B6: IR.L2-3.6.1 | C6: 3.6.1 [e] | D6: the operational incident-handling capability includes containment. | I6: Implemented | J6: MET
B7: IR.L2-3.6.1 | C7: 3.6.1 [f] | D7: the operational incident-handling capability includes recovery. | I7: Implemented | J7: MET
B8: IR.L2-3.6.1 | C8: 3.6.1 [g] | D8: the operational incident-handling capability includes user response activities. | I8: Implemented | J8: MET
A9: Incident Reporting | B9: IR.L2-3.6.2 | C9: 3.6.2 [a] | D9: incidents are tracked. | E9: Examine: [SELECT FROM: Incident response policy; procedures addressing incident monitoring; incident response records and documentation; procedures addressing incident reporting; incident reporting records and documentation; incident response plan; system security plan; other relevant documents or records]. | F9: Interview: [SELECT FROM: Personnel with incident monitoring responsibilities; personnel with incident reporting responsibilities; personnel who have or should have reported incidents; personnel (authorities) to whom incident information is to be reported; personnel with information security responsibilities]. | G9: Test: [SELECT FROM: Incident monitoring capability for the organization; mechanisms supporting or implementing tracking and documenting of system security incidents; organizational processes for incident reporting; mechanisms supporting or implementing incident reporting]. | H9: 01/08/2026: Assurit has established and implements incident reporting procedures for APIS to ensure that security incidents involving CUI are reported to designated internal officials in a timely manner. Incident reporting requirements, including reporting thresholds, timelines, and notification responsibilities, are formally documented and communicated to personnel with incident response and system oversight responsibilities. APIS leverages Microsoft Sentinel to generate and centralize security alerts and incidents based on correlated security events across system components. Alerts from Microsoft Defender for Endpoint and data-related events identified through Microsoft Purview are ingested into Sentinel and escalated according to defined severity levels. Sentinel incidents serve as the primary mechanism for identifying reportable security events and initiating incident reporting workflows. When a reportable incident is identified, Assurit personnel follow established procedures to notify appropriate internal stakeholders, including security, system, and management officials, based on the nature and severity of the incident. Incident details, actions taken, and reporting activities are documented to support tracking, management oversight, and follow-up actions. | I9: Implemented | J9: MET | K9: APIS_SSP_v1.1-10-31-2025.docx Assurit_Cyber_Handbook_v2.1-09-08-2025.docx
B10: IR.L2-3.6.2 | C10: 3.6.2 [b] | D10: incidents are documented. | I10: Implemented | J10: MET
B11: IR.L2-3.6.2 | C11: 3.6.2 [c] | D11: authorities to whom incidents are to be reported are identified. | I11: Implemented | J11: MET
B12: IR.L2-3.6.2 | C12: 3.6.2 [d] | D12: organizational officials to whom incidents are to be reported are identified. | I12: Implemented | J12: MET
B13: IR.L2-3.6.2 | C13: 3.6.2 [e] | D13: identified authorities are notified of incidents. | I13: Implemented | J13: MET
B14: IR.L2-3.6.2 | C14: 3.6.2 [f] | D14: identified organizational officials are notified of incidents. | I14: Implemented | J14: MET
